SEXO,EDAD,a1992,a1993,a1994,a1995,a1996,a1997,a1998,a1999,a2000,a2001,a2002,a2003,a2004,a2005,a2006,a2007,a2008,a2009,a2010,a2011,a2012,a2013,a2014,a2015,a2016,a2017,a2018,a2019,a2020,a2021,a2022,a2023,a2024,a2025,a2026,a2027,a2028,a2029,a2030,a2031,a2032,a2033,a2034,a2035,a2036,a2037,a2038,a2039,a2040,a2041,a2042,a2043,a2044,a2045,a2046,a2047,a2048,a2049,a2050
1,0,152280,148103,145829,143172,140400,137523,134907,132833,129980,128274,126097,123041,120912,118990,119014,121377,125092,128381,129095,128410,126306,124417,125091,127284,124691,118454,115998,117153,119594,121002,121174,120765,120103,119260,118265,117143,115923,114629,113282,112784,111680,110569,109476,108430,107458,106576,105795,105122,104562,104117,103776,103514,103303,103115,102932,102742,102537,102314,102066
1,1,155791,151787,147646,145402,142776,140032,137184,134593,132543,129714,128029,125872,122914,120808,118930,118981,121378,125088,128380,129177,128538,126251,124404,125108,127389,125122,119405,116945,118048,119920,121034,121143,120723,120058,119216,118223,117103,115885,114593,113248,112752,111650,110540,109449,108405,107435,106554,105774,105102,104544,104100,103759,103499,103289,103102,102919,102730,102526,102303
1,2,153290,155627,151636,147505,145270,142650,139915,137074,134491,132447,129626,127947,125877,122934,120865,119009,119093,121483,125193,128563,129399,128589,126343,124528,125331,127984,126154,120660,118138,118541,120051,121086,121178,120754,120088,119247,118254,117135,115918,114627,113282,112786,111685,110576,109485,108442,107472,106592,105813,105141,104583,104139,103799,103539,103329,103142,102960,102771,102567
1,3,151135,153190,155530,151545,147420,145189,142575,139844,137008,134429,132389,129572,127975,125919,123010,120962,119138,119215,121605,125390,128797,129470,128700,126485,124776,125969,128998,127519,121958,118679,118692,120117,121134,121221,120796,120131,119289,118296,117178,115961,114671,113327,112831,111731,110622,109531,108489,107519,106639,105860,105189,104631,104188,103848,103588,103378,103192,103010,102820
1,4,143452,151062,153120,155464,151486,147368,145142,142533,139806,136974,134400,132365,129607,128022,125998,123110,121092,119260,119337,121800,125620,128870,129583,128843,126731,125400,126940,130336,128790,122490,118831,118760,120167,121180,121266,120840,120175,119334,118342,117224,116007,114717,113373,112878,111778,110669,109580,108537,107568,106688,105910,105238,104681,104238,103898,103638,103429,103242,103060
1,5,137764,143397,151007,153069,155417,151445,147333,145112,142506,139783,136955,134387,132402,129655,128100,126095,123235,121211,119380,119525,122021,125695,128983,129724,129082,127336,126337,128232,131563,129305,122637,118898,118811,120212,121223,121310,120884,120220,119379,118387,117270,116053,114764,113420,112925,111825,110717,109628,108585,107616,106737,105959,105287,104730,104287,103948,103688,103479,103292
1,6,134262,137716,143351,150963,153030,155382,151416,147310,145092,142490,139772,136951,134425,132449,129732,128194,126216,123350,121326,119561,119739,122094,125804,129118,129953,129662,128247,127583,129415,132059,129446,122702,118947,118856,120256,121267,121354,120927,120263,119422,118431,117314,116098,114808,113465,112971,111871,110763,109674,108632,107663,106784,106006,105335,104777,104335,103996,103736,103527
1,7,132932,134218,137676,143312,150928,153001,155357,151397,147294,145081,142484,139773,136989,134473,132525,129825,128313,126328,123462,121503,119769,119808,122198,125933,129335,130502,130538,129430,128708,129887,132194,129507,122749,118990,118897,120297,121308,121395,120969,120305,119465,118474,117357,116141,114852,113509,113015,111915,110808,109719,108677,107708,106830,106051,105381,104824,104381,104042,103783
1,8,133164,132890,134180,137641,143282,150902,152980,155339,151384,147287,145078,142489,139810,137036,134547,132616,129940,128423,126438,123635,121706,119835,119907,122320,126137,129851,131350,131668,130504,129159,130016,132252,129550,122789,119030,118936,120336,121347,121435,121008,120345,119505,118514,117398,116182,114893,113551,113057,111957,110850,109761,108720,107751,106873,106095,105424,104867,104425,104086
1,9,133636,133123,132854,134148,137614,143260,150883,152966,155328,151378,147286,145086,142525,139855,137107,134633,132728,130047,128529,126605,123831,121769,119928,120023,122516,126632,130677,132409,132674,130926,129279,130070,132292,129586,122825,119066,118972,120373,121384,121472,121045,120382,119542,118552,117436,116220,114932,113590,113096,111997,110889,109801,108759,107791,106913,106135,105464,104908,104465
1,10,133049,133596,133087,132823,134123,137595,143244,150871,152956,155322,151378,147295,145117,142565,139921,137189,134740,132828,130147,128688,126792,123890,121857,120038,120210,122988,127425,131681,133363,133073,131038,129329,130107,132326,129619,122859,119100,119006,120406,121418,121505,121079,120416,119577,118586,117471,116256,114967,113625,113132,112033,110926,109837,108796,107828,106950,106172,105502,104945
1,11,130940,133008,133560,133057,132799,134105,137581,143235,150862,152951,155320,151386,147321,145153,142626,139998,137288,134834,132923,130298,128867,126845,123971,121960,120215,120659,123749,128369,132577,133736,133177,131084,129362,130136,132354,129648,122889,119130,119037,120437,121448,121536,121111,120448,119609,118619,117503,116288,115000,113659,113165,112066,110960,109871,108831,107863,106985,106207,105537
1,12,128867,130899,132971,133527,133030,132780,134091,137571,143226,150854,152948,155325,151408,147353,145210,142698,140093,137377,134925,133070,130473,128915,126921,124067,122128,120649,121379,124676,129249,132942,133836,133219,131113,129389,130162,132379,129674,122916,119158,119065,120465,121476,121565,121139,120477,119638,118648,117533,116319,115031,113689,113196,112098,110991,109903,108863,107895,107017,106240
1,13,128069,128821,130857,132934,133495,133006,132762,134077,137559,143216,150847,152948,155342,151434,147407,145278,142791,140181,137466,135073,133247,130514,128984,127010,124227,122550,121345,122283,125534,129603,133034,133871,133243,131135,129410,130183,132399,129695,122938,119181,119088,120489,121501,121589,121164,120502,119663,118674,117559,116345,115058,113717,113223,112125,111019,109932,108891,107924,107047
1,14,128415,128016,128773,130813,132895,133463,132980,132741,134059,137544,143203,150841,152960,155363,151485,147476,145373,142881,140272,137621,135259,133280,130575,129066,127162,124641,123223,122234,123127,125878,129688,133064,133889,133257,131149,129425,130198,132415,129711,122956,119200,119108,120508,121520,121609,121184,120523,119684,118695,117581,116368,115081,113740,113247,112150,111044,109957,108917,107950
1,15,129571,128349,127956,128717,130763,132852,133426,132949,132713,134034,137523,143188,150846,152975,155407,151549,147570,145461,142971,140432,137816,135279,133328,130645,129205,127560,125323,124079,123047,123453,125952,129706,133070,133892,133260,131153,129431,130204,132421,129718,122966,119211,119119,120520,121532,121621,121197,120536,119698,118710,117596,116383,115097,113757,113264,112167,111062,109975,108936
1,16,130199,129489,128273,127886,128654,130706,132801,133380,132908,132675,134002,137499,143186,150851,153012,155462,151635,147652,145545,143129,140628,137825,135319,133390,130782,129620,128368,126219,124930,123382,123522,125963,129704,133064,133886,133254,131149,129427,130201,132418,129717,122967,119215,119123,120524,121536,121626,121203,120542,119705,118718,117605,116393,115107,113768,113276,112180,111075,109989
1,17,129714,130097,129394,128185,127806,128583,130640,132740,133323,132855,132630,133966,137489,143184,150879,153059,155541,151708,147728,145703,143326,140640,137877,135401,133570,131325,130773,129482,127278,125346,123468,123536,125961,129696,133055,133876,133246,131143,129423,130197,132414,129715,122969,119219,119128,120529,121542,121632,121209,120550,119714,118727,117615,116404,115120,113782,113290,112195,111091
1,18,127490,129592,129982,129286,128088,127718,128503,130565,132667,133256,132796,132582,133953,137486,143216,150930,153145,155615,151786,147900,145921,143361,140731,138009,135673,134360,133033,132342,130973,127870,125475,123497,123544,125963,129696,133053,133875,133246,131145,129427,130202,132419,129723,122981,119234,119144,120545,121558,121649,121228,120569,119734,118749,117638,116428,115145,113808,113318,112223
1,19,124714,127350,129458,129855,129170,127983,127622,128414,130480,132585,133181,132734,132576,133962,137541,143294,151046,153248,155717,152003,148176,145992,143509,140936,138407,136790,136700,135200,134400,131800,128062,125531,123525,123566,125983,129714,133069,133892,133265,131166,129451,130227,132443,129750,123013,119269,119180,120582,121595,121687,121266,120609,119775,118791,117682,116473,115191,113856,113366
1,20,122363,124560,127201,129314,129721,129048,127872,127520,128317,130387,132499,133109,132738,132601,134044,137655,143458,151188,153389,155993,152349,148280,146192,143780,141448,139815,139687,139440,137803,135453,132054,128146,125580,123568,123608,126022,129752,133106,133930,133304,131209,129496,130273,132489,129799,123067,119327,119239,120640,121654,121747,121327,120671,119839,118856,117748,116541,115261,113927
1,21,121509,122197,124400,127047,129168,129587,128926,127760,127415,128218,130294,132420,133122,132776,132707,134191,137861,143642,151365,153722,156400,152485,148531,146525,144397,143125,143183,142900,142491,139042,135759,132161,128213,125640,123627,123666,126080,129808,133162,133986,133363,131271,129560,130338,132554,129866,123141,119403,119317,120718,121732,121826,121408,120753,119922,118941,117835,116629,115350
1,22,121921,121335,122032,124241,126896,129027,129458,128805,127649,127312,128123,130213,132437,133163,132891,132867,134416,138066,143843,151726,154163,156568,152785,148929,147249,146343,146887,146867,146400,143918,139402,135890,132245,128289,125715,123704,123744,126157,129884,133237,134062,133441,131351,129643,130422,132638,129953,123233,119499,119414,120815,121830,121925,121508,120855,120025,119045,117940,116736
1,23,123282,121739,121164,121870,124087,126752,128892,129332,128689,127542,127215,128042,130231,132478,133279,133052,133098,134628,138276,144218,152177,154376,156925,153253,149772,149489,150452,151058,150830,148020,144332,139558,135994,132339,128382,125811,123801,123843,126256,129982,133334,134160,133540,131454,129748,130527,132743,130062,123347,119617,119533,120935,121950,122045,121629,120978,120149,119171,118067
1,24,124252,123091,121561,120997,121715,123942,126616,128763,129210,128576,127441,127134,128057,130270,132590,133436,133280,133309,134839,138656,144677,152435,154797,157463,154213,152307,153863,155114,155486,152646,148490,144512,139680,136104,132449,128496,125927,123921,123964,126376,130101,133452,134279,133661,131577,129875,130654,132870,130192,123483,119756,119673,121075,122090,122187,121772,121122,120295,119318
1,25,124356,124053,122905,121389,120839,121570,123807,126486,128639,129094,128472,127356,127147,128096,130382,132746,133662,133490,133520,135223,139122,144980,152908,155399,158519,156993,156846,158870,159870,157439,153152,148687,144646,139802,136225,132573,128624,126059,124056,124100,126511,130235,133585,134413,133797,131716,130016,130797,133012,130337,123634,119911,119829,121231,122246,122344,121931,121281,120456
1,26,123715,124153,123863,122728,121227,120693,121435,123680,126362,128521,128986,128384,127368,127186,128211,130540,132972,133870,133700,133905,135693,139457,145499,153558,156533,161481,161582,162023,163787,161886,157958,153352,148822,144768,139925,136351,132702,128759,126198,124197,124242,126654,130376,133725,134553,133940,131862,130164,130946,133160,130489,123791,120072,119991,121393,122409,122507,122095,121447
1,27,122653,123513,123962,123683,122563,121078,120558,121309,123558,126245,128412,128896,128391,127403,127298,128367,130763,133176,134074,134079,134371,136043,139998,146176,154728,159588,166001,166711,166895,165778,162391,158146,153475,148933,144879,140040,136471,132827,128889,126332,124334,124381,126792,130513,133861,134690,134079,132004,130309,131091,133306,130637,123946,120230,120150,121552,122568,122668,122257
1,28,121129,122453,123322,123781,123515,122410,120940,120430,121188,123442,126135,128317,128896,128417,127505,127445,128583,130959,133369,134439,134528,134718,136584,140678,147351,157784,163951,170946,171408,168806,166251,162557,158249,153568,149026,144977,140144,136580,132941,129009,126456,124461,124510,126920,130639,133986,134817,134207,132135,130443,131226,133440,130775,124089,120377,120299,121701,122717,122818
1,29,119042,120927,122260,123138,123607,123354,122263,120805,120304,121067,123328,126035,128304,128908,128502,127635,127642,128763,131137,133709,134859,134856,135236,137239,141816,150320,161929,168643,175395,173206,169239,166391,162639,158320,153641,149105,145060,140234,136675,133042,129115,126566,124575,124625,127035,130753,134098,134930,134322,132253,130564,131347,133561,130899,124220,120512,120434,121837,122854
1,30,116365,118837,120729,122069,122957,123438,123197,122117,120668,120175,120947,123221,126011,128301,128974,128611,127808,127801,128922,131451,134099,135159,135338,135851,138320,144650,154234,166348,172832,177074,173596,169353,166451,162689,158371,153698,149168,145129,140310,136757,133129,129207,126662,124674,124726,127136,130852,134196,135028,134423,132357,130670,131455,133668,131010,124337,120632,120556,121958
1,31,113354,116157,118636,120533,121882,122779,123270,123039,121967,120528,120046,120833,123187,125996,128350,129063,128762,127947,127941,129213,131814,134361,135590,135894,136842,140945,148277,158297,170192,174362,177408,173676,169385,166474,162714,158402,153735,149212,145180,140367,136819,133197,129281,126740,124756,124809,127218,130933,134276,135109,134505,132443,130759,131544,133757,131102,124435,120735,120659
1,32,110476,113144,115953,118435,120339,121696,122604,123102,122878,121815,120389,119924,120791,123165,126035,128424,129195,128882,128069,128211,129554,132038,134738,136080,136785,139239,144274,151948,161771,171556,174641,177450,173675,169378,166469,162715,158410,153749,149234,145208,140403,136860,133244,129333,126796,124816,124871,127279,130992,134334,135168,134566,132507,130826,131612,133824,131172,124512,120816
1,33,108126,110263,112937,115749,118236,120148,121513,122427,122931,122715,121663,120255,119870,120757,123189,126092,128534,129292,128981,128309,128520,129733,132356,135157,136860,138927,142255,147554,155051,162978,171779,174650,177414,173635,169343,166439,162691,158394,153741,149233,145214,140416,136880,133269,129364,126831,124854,124911,127319,131030,134370,135205,134606,132550,130872,131658,133870,131222,124569
1,34,106018,107908,110051,112728,115545,118038,119956,121328,122247,122757,122551,121516,120180,119817,120759,123222,126172,128598,129356,129175,128568,128661,130001,132715,135843,138787,141694,145244,150383,156141,163166,171765,174594,177346,173572,169287,166389,162649,158360,153715,149215,145202,140412,136881,133276,129377,126849,124876,124934,127342,131051,134390,135225,134628,132576,130901,131688,133900,131255
1,35,103850,105793,107688,109836,112517,115340,117837,119761,121137,122062,122580,122389,121416,120102,119790,120762,123268,126202,128627,129499,129375,128671,128882,130307,133318,137573,141348,144426,147831,151371,156299,163138,171690,174510,177258,173492,169215,166323,162591,158309,153673,149180,145175,140392,136867,133268,129375,126852,124882,124942,127349,131056,134394,135230,134635,132586,130914,131702,133914
1,36,101254,103616,105565,107466,109619,112305,115132,117633,119560,120941,121874,122406,122266,121313,120047,119765,120777,123270,126202,128727,129648,129441,128847,129138,130836,134875,139941,143844,146788,148720,151498,156257,163054,171590,174406,177154,173395,169127,166242,162518,158245,153616,149132,145133,140358,136840,133247,129360,126841,124876,124937,127343,131048,134384,135222,134629,132584,130915,131703
1,37,98426,101013,103381,105334,107241,109401,112091,114921,117424,119355,120741,121688,122267,122144,121236,119999,119757,120760,123251,126274,128843,129678,129570,129049,129588,132215,137036,142178,145960,147567,148810,151436,156161,162943,171468,174284,177032,173282,169023,166145,162428,158163,153543,149067,145076,140309,136797,133210,129330,126815,124854,124917,127322,131025,134360,135198,134607,132566,130900
1,38,95497,98179,100772,103141,105100,107014,109180,111872,114702,117208,119144,120541,121533,122127,122047,121165,119969,119720,120724,123303,126366,128836,129756,129714,129416,130785,134127,139037,144066,146635,147618,148727,151323,156036,162811,171327,174141,176890,173148,168899,166028,162319,158063,153452,148984,145000,140241,136736,133156,129282,126773,124815,124880,127285,130986,134318,135157,134569,132531
1,39,92512,95242,97929,100522,102897,104862,106781,108951,111644,114475,116984,118930,120369,121373,122006,121950,121107,119907,119662,120750,123367,126322,128864,129841,129995,130430,132459,135901,140709,144641,146645,147508,148592,151181,155889,162656,171162,173977,176726,172994,168754,165891,162191,157944,153342,148882,144906,140156,136657,133084,129217,126713,124759,124827,127230,130929,134259,135099,134514
1,40,88889,92247,94980,97670,100267,102647,104618,106542,108714,111409,114242,116760,118738,120188,121227,121881,121859,121013,119819,119654,120781,123291,126310,128899,130049,130855,131885,134023,137375,141193,144613,146507,147348,148429,151015,155720,162479,170976,173791,176540,172817,168588,165733,162041,157804,153211,148761,144793,140052,136561,132994,129135,126636,124687,124756,127158,130854,134183,135024
1,41,84816,88617,91977,94713,97405,100006,102391,104367,106293,108470,111167,114008,116553,118539,120021,121078,121763,121737,120895,119778,119652,120675,123242,126301,129040,130769,132125,133250,135309,137772,141130,144448,146322,147161,148242,150827,155528,162281,170768,173583,176331,172619,168400,165553,161871,157643,153061,148621,144662,139930,136446,132887,129035,126541,124597,124668,127070,130763,134089
1,42,78855,84538,88339,91699,94437,97135,99739,102127,104107,106036,108217,110923,113787,116338,118352,119851,120936,121615,121591,120823,119745,119516,120592,123195,126388,129646,131872,133331,134385,135634,137680,140944,144242,146111,146952,148034,150619,155316,162061,170538,173353,176101,172400,168192,165354,161682,157464,152893,148462,144512,139790,136314,132763,128919,126431,124492,124565,126966,130656
1,43,74332,78576,84251,88050,91411,94152,96852,99459,101849,103832,105767,107957,110683,113551,116128,118156,119681,120759,121439,121484,120752,119571,119394,120505,123228,126880,130603,132953,134346,134650,135513,137474,140718,144009,145878,146721,147807,150391,155084,161821,170287,173101,175850,172159,167963,165134,161472,157266,152705,148285,144345,139634,136166,132622,128787,126306,124372,124447,126846
1,44,72408,74044,78285,83949,87746,91106,93850,96551,99159,101551,103538,105482,107689,110420,113310,115900,117950,119468,120547,121289,121366,120540,119410,119268,120490,123628,127710,131588,133873,134558,134500,135287,137231,140468,143755,145626,146471,147559,150144,154831,161560,170015,172829,175577,171898,167715,164895,161244,157049,152500,148091,144161,139461,136001,132467,128640,126165,124237,124314
1,45,69506,72103,73746,77979,83631,87426,90786,93530,96231,98838,101234,103229,105185,107398,110148,113048,115656,117700,119218,120352,121122,121115,120335,119241,119204,120802,124349,128606,132420,134035,134377,134249,135024,136964,140198,143482,145354,146203,147294,149878,154561,161280,169723,172536,175284,171618,167447,164638,160998,156814,152278,147880,143961,139272,135822,132296,128479,126011,124088
1,46,66166,69193,71793,73439,77664,83305,87095,90451,93194,95894,98502,100903,102906,104868,107100,109859,112773,115373,117416,118982,120142,120838,120871,120124,119128,119435,121420,125151,129346,132528,133822,134099,133963,134736,136676,139908,143189,145062,145914,147008,149591,154269,160979,169409,172222,174969,171315,167158,164359,160731,156560,152036,147651,143743,139066,135626,132109,128302,125841
1,47,63136,65851,68877,71474,73124,77341,82968,86752,90104,92844,95543,98155,100560,102568,104547,106788,109561,112466,115063,117148,118736,119822,120553,120614,119953,119267,119954,122121,125793,129402,132282,133513,133782,133648,134424,136365,139595,142873,144747,145603,146700,149282,153954,160655,169070,171882,174629,170989,166846,164058,160442,156285,151774,147402,143505,138841,135411,131905,128107
1,48,60384,62813,65528,68549,71144,72796,77005,82615,86391,89737,92476,95178,97790,100197,102222,104209,106463,109228,112128,114761,116866,118379,119494,120248,120385,119999,119685,120528,122648,125789,129121,131940,133161,133433,133305,134085,136026,139253,142529,144404,145264,146363,148945,153611,160300,168701,171513,174259,170633,166505,163729,160126,155982,151486,147128,143243,138593,135173,131678
1,49,58179,60046,62476,65185,68201,70794,72449,76645,82238,86005,89346,92088,94785,97398,99818,101849,103850,106097,108857,111789,114436,116470,118008,119144,119963,120343,120309,120141,120946,122585,125474,128748,131553,132775,133052,132930,133715,135657,138881,142153,144029,144893,145996,148577,153236,159914,168299,171109,173854,170244,166132,163368,159779,155650,151170,146826,142954,138319,134911
1,50,56144,57820,59690,62115,64820,67830,70421,72077,76261,81834,85593,88932,91665,94362,96983,99407,101450,103445,105689,108477,111419,114003,116057,117613,118808,119846,120546,120648,120450,120820,122233,125070,128329,131130,132354,132638,132524,133313,135256,138477,141745,143622,144490,145597,148176,152828,159493,167861,170670,173414,169820,165726,162974,159400,155288,150824,146495,142638,138018
1,51,54317,55766,57446,59314,61736,64436,67440,70026,71683,75854,81408,85162,88486,91216,93919,96542,98973,101009,103002,105272,108068,110953,113552,115619,117226,118620,119956,120793,120867,120266,120429,121799,124624,127876,130673,131901,132191,132086,132878,134822,138039,141304,143182,144055,145164,147742,152387,159038,167387,170195,172938,169361,165285,162547,158989,154893,150447,146135,142292
1,52,52446,53919,55374,57053,58921,61339,64033,67029,69610,71268,75425,80962,84698,88013,90748,93451,96077,98500,100534,102551,104830,107571,110467,113074,115185,116967,118653,120107,120917,120618,119831,119960,121324,124143,127389,130184,131415,131713,131616,132413,134358,137571,140832,142711,143587,144701,147277,151913,158549,166879,169685,172427,168868,164811,162088,158547,154469,150041,145747
1,53,50575,52026,53504,54960,56638,58505,60918,63605,66592,69166,70826,74971,80477,84201,87517,90250,92955,95573,97991,100047,102074,104302,107052,109953,112598,114862,116930,118717,120143,120606,120136,119323,119452,120817,123632,126873,129665,130900,131204,131116,131918,133864,137072,140328,142208,143089,144206,146781,151408,158028,166337,169141,171881,168342,164305,161598,158074,154015,149606
1,54,48617,50128,51583,53059,54515,56193,58059,60465,63142,66119,68686,70349,74471,79951,83670,86981,89716,92413,95025,97461,99528,101508,103748,106504,109435,112212,114758,116899,118660,119769,120076,119582,118776,118911,120279,123090,126325,129114,130353,130665,130586,131394,133339,136542,139794,141675,142561,143681,146253,150871,157475,165761,168563,171301,167782,163766,161075,157570,153531
1,55,46577,48143,49655,51108,52583,54039,55715,57576,59972,62639,65604,68165,69822,73927,79388,83097,86405,89132,91822,94451,96894,98917,100911,103158,105941,108984,112034,114638,116752,118223,119188,119471,118984,118190,118336,119705,122512,125742,128527,129770,130090,130020,130833,132779,135977,139224,141105,141995,143119,145689,150296,156882,165145,167944,170680,167182,163189,160515,157030
1,56,44885,46080,47645,49153,50602,52075,53529,55200,57054,59439,62094,65045,67597,69256,73348,78783,82485,85779,88500,91205,93839,96238,98272,100274,102547,105423,108735,111822,114399,116249,117589,118530,118818,118343,117564,117719,119092,121894,125118,127899,129145,129474,129414,130233,132178,135371,138611,140493,141388,142516,145083,149679,156246,164482,167279,170013,166537,162568,159912
1,57,43593,44364,45560,47118,48621,50066,51534,52983,54647,56493,58865,61507,64447,66992,68658,72732,78142,81827,85109,87842,90551,93139,95544,97586,99611,101964,105095,108430,111488,113827,115558,116877,117819,118115,117655,116892,117058,118434,121231,124448,127224,128475,128812,128763,129587,131532,134718,137953,139835,140735,141866,144431,149014,155560,163769,166563,169294,165842,161898
1,58,42995,43040,43816,45009,46558,48055,49494,50955,52398,54055,55890,58249,60885,63812,66355,68024,72082,77456,81124,84411,87146,89809,92402,94810,96874,98973,101570,104705,108011,110853,113082,114791,116109,117057,117364,116920,116173,116350,117729,120520,123729,126501,127755,128101,128063,128893,130838,134017,137245,139127,140032,141167,143729,148299,154823,163001,165792,168519,165093
1,59,42737,42395,42455,43232,44420,45961,47449,48882,50335,51771,53418,55244,57599,60223,63142,65678,67353,71385,76724,80390,83673,86365,89029,91624,94050,96182,98515,101104,104212,107319,110056,112262,113969,115289,116245,116564,116136,115407,115595,116977,119763,122963,125729,126988,127343,127316,128152,130097,133268,136488,138370,139280,140420,142977,147533,154032,162179,164965,167689
1,60,42760,42079,41760,41830,42609,43792,45323,46802,48227,49672,51101,52739,54567,56911,59528,62433,64965,66637,70645,75960,79616,82852,85544,88209,90817,93301,95666,97969,100536,103463,106473,109184,111384,113092,114416,115379,115710,115298,114589,114788,116173,118952,122143,124903,126166,126531,126516,127359,129302,132465,135676,137558,138474,139617,142170,146711,153184,161296,164078
1,61,42458,42040,41388,41087,41171,41949,43128,44648,46119,47535,48972,50395,52037,53859,56196,58801,61693,64212,65884,69877,75159,78763,81990,84681,87353,90009,92715,95037,97321,99728,102566,105549,108249,110444,112154,113483,114453,114797,114404,113713,113925,115313,118085,121266,124019,125286,125661,125659,126507,128450,131604,134805,136687,137608,138755,141304,145827,152272,160347
1,62,41748,41684,41291,40666,40386,40482,41263,42435,43945,45407,46817,48247,49675,51312,53131,55456,58049,60919,63424,65106,69076,74282,77870,81084,83777,86484,89347,91998,94302,96446,98778,101590,104558,107249,109441,111152,112485,113463,113820,113445,112776,113000,114391,117155,120324,123070,124341,124727,124738,125593,127534,130677,133869,135749,136677,137828,140371,144876,151291
1,63,40465,40928,40885,40517,39919,39661,39770,40552,41719,43219,44672,46076,47508,48933,50567,52378,54691,57262,60111,62611,64295,68201,73364,76929,80135,82853,85746,88562,91191,93363,95438,97749,100547,103501,106183,108370,110082,111420,112406,112776,112421,111774,112011,113405,116159,119317,122054,123329,123726,123750,124612,126551,129683,132864,134743,135676,136831,139368,143853
1,64,38369,39611,40084,40059,39717,39147,38910,39033,39816,40978,42467,43910,45316,46742,48164,49791,51593,53887,56437,59271,61758,63409,67281,72396,75943,79159,82052,84891,87682,90184,92290,94347,96649,99434,102374,105046,107228,108941,110283,111277,111661,111327,110702,110953,112349,115094,118238,120966,122244,122653,122692,123560,125496,128617,131785,133662,134602,135761,138291
1,65,35782,37491,38724,39205,39199,38882,38341,38125,38262,39045,40200,41677,43120,44518,45939,47354,48973,50761,53034,55569,58380,60824,62471,66307,71375,74921,78303,81127,83939,86607,89042,91130,93179,95472,98243,101168,103828,106005,107718,109065,110067,110465,110153,109552,109818,111216,113949,117078,119795,121078,121498,121552,122428,124361,127468,130622,132497,133443,134606
1,66,32925,34878,36564,37787,38275,38288,37996,37485,37291,37441,38224,39372,40845,42277,43668,45081,46490,48096,49870,52128,54641,57404,59829,61471,65272,70308,74016,77292,80087,82790,85394,87806,89884,91926,94209,96965,99874,102521,104691,106404,107754,108765,109178,108888,108313,108594,109994,112714,115827,118533,119818,120251,120321,121204,123133,126225,129364,131237,132188
1,67,30028,31995,33915,35575,36784,37280,37313,37046,36567,36396,36560,37341,38491,39951,41374,42757,44164,45563,47156,48921,51160,53628,56364,58768,60410,64191,69360,72931,76169,78865,81508,84086,86482,88551,90585,92857,95596,98485,101119,103282,104993,106347,107366,107794,107529,106980,107276,108678,111385,114479,117172,118461,118906,118993,119883,121808,124883,128005,129874
1,68,27250,29076,31003,32883,34515,35710,36213,36266,36028,35582,35433,35612,36404,37547,38996,40408,41784,43180,44570,46158,47911,50110,52554,55262,57649,59304,63230,68217,71742,74881,77522,80137,82693,85073,87131,89156,91416,94136,97006,99623,101777,103487,104845,105871,106315,106075,105554,105866,107269,109960,113034,115712,117005,117464,117567,118464,120384,123441,126544
1,69,24636,26291,28075,29956,31796,33396,34576,35086,35159,34950,34537,34413,34617,35412,36550,37986,39388,40754,42140,43527,45105,46831,49008,51427,54109,56491,58311,62076,66984,70409,73486,76095,78686,81221,83584,85630,87646,89892,92591,95438,98037,100182,101889,103250,104284,104745,104529,104038,104367,105771,108444,111496,114158,115453,115926,116047,116951,118865,121901
1,70,22369,23690,25303,27041,28875,30671,32238,33400,33916,34009,33829,33450,33362,33586,34384,35514,36937,38325,39680,41060,42439,43995,45707,47861,50256,52919,55432,57141,60844,65624,68978,72012,74593,77158,79670,82014,84048,86052,88283,90959,93782,96362,98495,100199,101562,102603,103080,102892,102430,102775,104179,106834,109862,112507,113804,114290,114430,115341,117248
1,71,20448,21445,22732,24300,25990,27776,29526,31059,32203,32724,32836,32684,32349,32290,32533,33331,34453,35859,37231,38577,39945,41305,42847,44542,46671,49047,51806,54207,55896,59493,64168,67468,70461,73013,75551,78037,80360,82380,84371,86585,89237,92033,94591,96712,98411,99775,100824,101317,101156,100726,101088,102491,105125,108127,110752,112051,112551,112709,113627
1,72,18805,19539,20512,21763,23285,24927,26662,28366,29863,30987,31513,31644,31529,31231,31199,31459,32255,33365,34750,36107,37438,38785,40130,41655,43332,45439,47900,50543,52903,54534,58048,62631,65878,68828,71349,73856,76315,78615,80619,82595,84790,87415,90181,92716,94822,96515,97880,98935,99446,99312,98914,99294,100696,103307,106280,108883,110183,110697,110875
1,73,17284,17897,18616,19562,20776,22251,23843,25526,27183,28643,29747,30276,30433,30348,30087,30081,30356,31147,32243,33608,34946,36251,37581,38911,40417,42079,44258,46607,49197,51486,53082,56525,61014,64206,67109,69596,72071,74500,76774,78760,80720,82894,85488,88223,90731,92821,94507,95872,96933,97460,97356,96991,97388,98787,101373,104315,106894,108194,108722
1,74,15824,16370,16971,17673,18591,19766,21192,22732,24362,25969,27390,28472,29010,29188,29133,28908,28928,29216,30002,31083,32425,33734,35021,36332,37645,39137,40864,42935,45235,47748,49984,51556,54926,59318,62450,65304,67753,70193,72588,74834,76801,78741,80892,83454,86154,88634,90705,92382,93745,94812,95355,95280,94950,95364,96760,99318,102226,104779,106078
1,75,14419,14905,15439,16026,16709,17599,18734,20108,21594,23168,24722,26102,27166,27706,27905,27881,27691,27736,28037,28818,29882,31193,32479,33746,35037,36340,37880,39523,41547,43775,46222,48411,49960,53254,57541,60610,63410,65820,68221,70580,72795,74739,76659,78784,81310,83972,86420,88471,90137,91498,92568,93128,93083,92788,93220,94611,97138,100009,102533
1,76,13122,13503,13977,14498,15071,15733,16592,17684,19005,20433,21948,23448,24788,25827,26371,26589,26594,26439,26508,26823,27597,28637,29920,31182,32427,33704,35039,36514,38120,40075,42239,44625,46766,48291,51503,55680,58680,61423,63789,66149,68469,70650,72569,74465,76562,79049,81668,84082,86110,87763,89120,90193,90769,90755,90496,90945,92330,94824,97654
1,77,11926,12217,12591,13052,13558,14112,14751,15577,16624,17889,19257,20709,22155,23450,24462,25007,25243,25274,25154,25247,25574,26332,27352,28604,29839,31065,32361,33648,35087,36633,38526,40632,42954,45044,46541,49668,53727,56654,59335,61654,63967,66244,68388,70280,72149,74214,76658,79232,81608,83609,85248,86599,87674,88266,88283,88060,88527,89903,92361
1,78,10804,11035,11322,11685,12131,12619,13154,13768,14557,15555,16759,18063,19455,20841,22089,23071,23614,23866,23922,23837,23953,24282,25028,26025,27245,28454,29688,30937,32190,33574,35069,36906,38952,41208,43242,44710,47744,51678,54527,57141,59409,61672,63902,66005,67865,69706,71735,74132,76657,78990,80962,82584,83926,85002,85608,85657,85473,85956,87322
1,79,9686,9931,10160,10440,10791,11218,11686,12197,12783,13533,14479,15618,16861,18186,19511,20707,21658,22197,22461,22544,22492,22619,22958,23689,24660,25847,27059,28239,29452,30656,31992,33443,35223,37204,39389,41363,42798,45734,49536,52302,54844,57055,59265,61443,63501,65327,67134,69124,71471,73940,76227,78166,79768,81100,82175,82795,82876,82730,83229
1,80,8577,8839,9078,9302,9572,9908,10315,10759,11245,11800,12507,13398,14479,15656,16913,18173,19316,20231,20762,21041,21148,21114,21261,21605,22320,23266,24444,25597,26738,27901,29063,30355,31761,33480,35393,37501,39413,40811,43643,47306,49981,52447,54597,56748,58871,60880,62667,64437,66384,68674,71085,73320,75223,76801,78120,79192,79825,79937,79830
1,81,7501,7762,8014,8245,8461,8721,9041,9426,9846,10305,10829,11493,12336,13355,14464,15651,16842,17927,18802,19327,19614,19726,19721,19882,20229,20927,21869,22982,24092,25182,26299,27421,28669,30025,31679,33520,35548,37391,38750,41472,44987,47567,49950,52035,54122,56184,58139,59883,61613,63513,65742,68088,70267,72129,73681,74984,76049,76694,76837
1,82,6465,6724,6972,7212,7434,7644,7892,8196,8560,8956,9389,9881,10510,11299,12253,13292,14405,15522,16545,17380,17891,18166,18293,18310,18483,18831,19530,20421,21485,22539,23581,24654,25734,26934,28237,29823,31586,33528,35299,36614,39220,42580,45058,47352,49367,51385,53381,55277,56974,58659,60506,62669,64944,67063,68879,70400,71684,72741,73395
1,83,5508,5736,5979,6213,6441,6654,6856,7094,7381,7724,8097,8503,8968,9555,10289,11175,12142,13176,14216,15177,15965,16440,16714,16850,16887,17068,17437,18097,18947,19952,20952,21947,22974,24009,25157,26403,27916,29598,31450,33143,34411,36894,40091,42461,44661,46600,48544,50469,52301,53946,55580,57371,59462,61661,63713,65479,66965,68226,69272
1,84,4640,4839,5051,5277,5498,5713,5915,6108,6334,6605,6925,7274,7655,8086,8629,9306,10123,11014,11967,12930,13822,14548,14998,15266,15409,15462,15671,16025,16657,17455,18403,19351,20298,21276,22262,23356,24542,25978,27574,29331,30943,32160,34515,37542,39799,41899,43756,45621,47470,49233,50822,52402,54130,56143,58261,60241,61952,63399,64633
1,85,3884,4043,4226,4421,4631,4835,5036,5226,5408,5619,5871,6168,6492,6842,7239,7737,8356,9102,9915,10789,11671,12487,13157,13580,13838,13985,14072,14279,14626,15220,15972,16864,17759,18655,19580,20516,21552,22676,24032,25539,27198,28726,29888,32110,34962,37102,39097,40869,42650,44418,46107,47635,49156,50818,52749,54779,56682,58334,59737
1,86,3217,3360,3505,3672,3850,4041,4229,4413,4588,4757,4952,5183,5455,5750,6070,6431,6884,7444,8119,8857,9649,10449,11192,11805,12198,12444,12612,12711,12920,13252,13811,14517,15353,16194,17036,17908,18791,19767,20826,22100,23516,25074,26514,27619,29706,32380,34398,36285,37968,39660,41343,42956,44419,45877,47467,49311,51250,53072,54659
1,87,2634,2761,2890,3020,3170,3330,3502,3671,3837,3996,4149,4325,4535,4782,5048,5337,5663,6071,6575,7180,7844,8555,9275,9946,10503,10866,11115,11288,11398,11603,11921,12446,13106,13883,14668,15456,16272,17100,18015,19007,20198,21521,22977,24327,25372,27322,29815,31709,33485,35075,36676,38271,39802,41196,42588,44103,45856,47700,49435
1,88,2123,2238,2350,2464,2580,2712,2854,3005,3155,3302,3443,3580,3739,3928,4149,4388,4647,4939,5302,5751,6289,6881,7515,8158,8759,9262,9605,9853,10027,10141,10342,10645,11136,11748,12466,13194,13927,14686,15458,16311,17235,18341,19570,20923,22182,23164,24976,27289,29056,30719,32213,33721,35224,36670,37993,39314,40751,42409,44153
1,89,1678,1780,1880,1978,2077,2178,2293,2416,2548,2677,2806,2929,3052,3195,3363,3559,3772,4002,4261,4582,4978,5453,5975,6535,7105,7642,8099,8427,8664,8832,8949,9145,9433,9888,10452,11112,11782,12458,13161,13876,14665,15520,16542,17676,18926,20093,21011,22684,24816,26456,28005,29401,30812,32221,33580,34828,36075,37431,38992
1,90,1306,1386,1473,1558,1642,1727,1813,1912,2017,2129,2240,2350,2460,2569,2696,2844,3017,3204,3406,3633,3915,4262,4677,5133,5624,6126,6605,7025,7327,7547,7709,7830,8019,8289,8707,9223,9825,10438,11058,11703,12360,13086,13872,14809,15849,16995,18070,18923,20458,22411,23924,25356,26653,27966,29279,30548,31718,32889,34161
1,91,1000,1060,1127,1200,1272,1342,1414,1487,1570,1658,1754,1847,1942,2038,2135,2245,2375,2525,2687,2863,3061,3305,3605,3964,4358,4786,5229,5657,6032,6305,6509,6665,6786,6966,7218,7599,8067,8611,9167,9731,10318,10918,11580,12297,13150,14097,15141,16123,16910,18308,20085,21470,22785,23982,25195,26410,27589,28678,29771
1,92,752,796,847,902,962,1021,1080,1139,1199,1269,1342,1421,1500,1582,1665,1749,1845,1956,2085,2224,2375,2544,2755,3010,3316,3655,4029,4417,4793,5121,5366,5554,5702,5821,5991,6223,6567,6987,7475,7975,8483,9013,9556,10155,10803,11574,12429,13372,14262,14982,16246,17849,19108,20307,21403,22516,23632,24718,25725
1,93,552,586,623,664,709,757,805,853,902,951,1008,1067,1133,1200,1269,1340,1411,1493,1587,1696,1814,1942,2085,2263,2479,2737,3031,3353,3687,4009,4296,4514,4686,4825,4939,5096,5307,5615,5988,6422,6867,7320,7795,8281,8818,9399,10089,10854,11698,12499,13151,14284,15718,16852,17937,18933,19945,20962,21954
1,94,392,420,449,478,510,546,585,623,661,700,739,785,833,888,944,1002,1061,1121,1189,1268,1358,1456,1563,1683,1831,2011,2231,2480,2753,3035,3310,3558,3750,3905,4033,4140,4285,4474,4746,5074,5455,5847,6248,6668,7100,7575,8092,8703,9381,10129,10842,11429,12435,13706,14719,15691,16587,17499,18419
1,95,269,291,314,336,359,384,412,442,471,501,531,562,600,639,683,729,776,825,874,930,995,1069,1149,1238,1336,1458,1608,1792,2000,2226,2462,2695,2907,3075,3212,3328,3427,3557,3724,3962,4248,4578,4920,5270,5637,6016,6434,6887,7423,8018,8674,9303,9824,10708,11824,12719,13582,14381,15196
1,96,182,194,212,229,246,263,282,303,326,348,371,394,419,449,480,515,552,590,629,669,714,766,826,890,962,1043,1142,1266,1417,1587,1772,1968,2162,2341,2485,2605,2708,2797,2912,3059,3263,3509,3793,4086,4389,4706,5035,5397,5791,6255,6770,7340,7888,8347,9115,10083,10866,11623,12328
1,97,119,128,137,150,163,175,188,202,218,234,251,268,286,305,329,353,381,409,439,470,502,537,578,625,676,734,799,879,979,1100,1237,1388,1548,1708,1856,1977,2080,2170,2249,2350,2476,2650,2858,3098,3347,3604,3875,4157,4467,4804,5201,5643,6131,6603,7001,7661,8492,9168,9825
1,98,75,81,87,94,103,113,121,131,141,152,164,176,189,203,217,235,254,275,297,320,343,368,396,428,464,505,551,603,667,744,839,948,1068,1196,1326,1447,1547,1634,1711,1780,1866,1973,2118,2292,2492,2700,2916,3145,3382,3644,3929,4264,4637,5050,5451,5792,6352,7055,7632
1,99,46,49,53,58,63,69,76,82,88,95,103,112,120,130,140,151,164,178,194,210,227,246,265,286,311,342,376,410,451,497,556,629,714,808,910,1012,1109,1192,1264,1328,1387,1459,1548,1668,1811,1975,2147,2326,2515,2712,2930,3168,3447,3758,4103,4439,4728,5196,5784
1,100,72,75,79,84,91,99,109,120,132,144,158,172,189,207,227,248,271,298,327,359,395,434,477,523,573,633,704,779,859,944,1040,1156,1295,1464,1660,1884,2129,2388,2646,2898,3141,3374,3610,3861,4149,4481,4865,5295,5767,6278,6829,7427,8076,8800,9606,10503,11466,12446,13579
2,0,146756,142721,140522,137949,135266,132483,129951,127943,125184,123530,121422,118468,116421,114568,114593,116868,120444,123609,124294,123636,121610,119774,120419,122525,120018,113971,111662,112774,115134,116483,116645,116250,115612,114800,113841,112761,111585,110339,109041,108562,107499,106428,105375,104369,103432,102583,101830,101181,100642,100213,99884,99631,99427,99246,99069,98885,98688,98472,98233
2,1,150218,146365,142358,140185,137636,134977,132217,129707,127717,124977,123339,121248,118387,116358,114546,114593,116899,120467,123632,124398,123781,121588,119791,120463,122644,120409,114833,112568,113670,115460,116515,116614,116207,115567,114756,113799,112721,111548,110304,109009,108530,107469,106400,105349,104344,103409,102561,101810,101162,100624,100196,99868,99617,99414,99233,99057,98874,98677,98462
2,2,147866,150096,146253,142253,140085,137541,134888,132133,129627,127641,124907,123273,121267,118420,116426,114635,114713,117012,120579,123819,124624,123862,121712,119947,120710,123219,121379,116033,113756,114157,115585,116562,116644,116234,115592,114782,113826,112749,111576,110333,109038,108560,107500,106432,105382,104377,103443,102595,101844,101197,100659,100232,99904,99653,99450,99270,99094,98911,98715
2,3,145832,147788,150020,146181,142185,140021,137479,134829,132077,129573,127590,124858,123308,121314,118502,116529,114769,114840,117138,120781,124058,124731,124015,121899,120232,121349,124211,122689,117331,114298,114308,115651,116610,116687,116276,115635,114824,113868,112791,111620,110377,109083,108605,107545,106477,105427,104423,103489,102642,101892,101245,100707,100280,99952,99702,99499,99319,99143,98960
2,4,138486,145780,147739,149974,146139,142148,139988,137450,134803,132053,129554,127575,124902,123363,121402,118610,116668,114901,114972,117345,121022,124170,124887,124203,122183,120864,122315,125499,123963,117865,114451,114378,115703,116657,116734,116321,115681,114870,113915,112838,111667,110424,109131,108653,107594,106526,105477,104473,103539,102692,101942,101295,100758,100331,100003,99753,99550,99370,99195
2,5,133041,138446,145741,147703,149941,146112,142126,139970,137433,134790,132044,129550,127622,124961,123454,121512,118749,116799,115032,115176,117583,121133,124323,125070,124479,122793,121790,123557,126728,124478,118014,114520,114430,115750,116702,116779,116367,115727,114916,113961,112885,111714,110472,109179,108702,107642,106575,105526,104522,103588,102742,101992,101345,100808,100381,100054,99803,99601,99421
2,6,129701,133006,138413,145710,147676,149918,146095,142114,139959,137426,134787,132047,129598,127681,125051,123562,121649,118879,116929,115232,115411,117692,121282,124502,125337,125069,123690,122989,124743,127227,124622,118081,114571,114477,115795,116747,116824,116412,115772,114962,114007,112931,111760,110518,109225,108748,107689,106622,105573,104569,103636,102790,102040,101393,100856,100430,100103,99852,99650
2,7,128455,129671,132978,138387,145688,147658,149906,146087,142110,139959,137430,134798,132096,129658,127770,125158,123696,121775,119006,117124,115460,115516,117835,121452,124756,125897,125938,124829,124117,125216,127363,124685,118129,114615,114520,115838,116790,116867,116455,115815,115005,114051,112975,111805,110563,109270,108793,107734,106668,105619,104616,103682,102836,102086,101440,100903,100477,100150,99899
2,8,128726,128427,129646,132957,138371,145676,147651,149903,146088,142114,139968,137445,134847,132154,129744,127873,125287,123818,121897,119193,117342,115561,115652,117998,121694,125290,126733,127025,125904,124568,125346,127422,124729,118170,114656,114559,115878,116830,116907,116495,115856,115046,114092,113017,111846,110605,109312,108836,107777,106710,105662,104659,103726,102879,102130,101484,100947,100521,100194
2,9,129231,128701,128406,129629,132945,138364,145673,147652,149906,146094,142127,139987,137491,134903,132237,129843,127996,125403,123933,122074,119401,117434,115687,115804,118224,122193,126071,127750,128031,126325,124688,125400,127463,124765,118206,114692,114596,115915,116867,116944,116532,115893,115084,114129,113055,111884,110643,109351,108875,107816,106750,105701,104698,103766,102920,102170,101524,100988,100561
2,10,128772,129207,128681,128392,129620,132942,138365,145677,147658,149915,146108,142148,140031,137543,134980,132329,129958,128104,125511,124100,122269,119487,117553,115829,116018,118697,122929,127035,128704,128430,126437,124737,125437,127495,124798,118240,114725,114629,115948,116900,116978,116566,115927,115118,114164,113089,111919,110679,109386,108910,107852,106786,105738,104735,103802,102957,102207,101562,101025
2,11,126873,128750,129189,128666,128383,129618,132945,138371,145684,147669,149928,146130,142187,140078,137615,135066,132437,130060,128206,125669,124285,122347,119596,117684,116028,116462,119410,123835,127931,129077,128533,126483,124770,125466,127523,124826,118269,114755,114659,115978,116931,117008,116597,115958,115149,114196,113121,111952,110711,109419,108943,107885,106819,105771,104769,103836,102991,102242,101596
2,12,125023,126850,128731,129174,128658,128381,129621,132951,138380,145694,147683,149950,146166,142231,140147,137697,135170,132535,130159,128360,125849,124360,122452,119723,117878,116463,117186,120301,124716,128297,129177,128576,126512,124797,125492,127549,124852,118296,114783,114687,116006,116959,117037,116625,115987,115179,114225,113151,111982,110742,109450,108974,107917,106851,105803,104801,103869,103023,102275
2,13,124423,124999,126831,128715,129164,128655,128383,129627,132959,138391,145708,147704,149984,146209,142299,140229,137801,135268,132632,130314,128542,125920,124460,122574,119911,118301,117195,118056,121162,125072,128391,129215,128602,126536,124821,125515,127571,124876,118321,114809,114713,116032,116985,117063,116652,116014,115206,114253,113179,112010,110770,109479,109003,107946,106880,105833,104831,103899,103054
2,14,124952,124396,124977,126813,128703,129159,128655,128389,129635,132970,138405,145729,147738,150026,146278,142383,140337,137902,135369,132793,130504,128609,126016,124576,122756,120326,119033,118054,118906,121512,125164,128426,129238,128622,126556,124841,125535,127592,124897,118344,114832,114737,116056,117009,117088,116677,116039,115231,114278,113205,112036,110797,109506,109031,107973,106908,105861,104859,103928
2,15,126274,124921,124370,124956,126798,128695,129158,128659,128396,129646,132985,138428,145766,147784,150097,146366,142497,140444,138009,135541,132996,130565,128699,126127,124750,123157,121075,119868,118879,119245,121598,125195,128446,129255,128638,126573,124859,125553,127610,124916,118364,114853,114758,116078,117030,117109,116699,116061,115254,114301,113229,112060,110821,109531,109056,107999,106934,105887,104886
2,16,127119,126239,124892,124347,124940,126789,128693,129161,128666,128407,129662,133010,138471,145817,147864,150194,146491,142615,140561,138196,135763,133059,130658,128815,126309,125174,124046,121959,120742,119238,119337,121632,125215,128463,129271,128654,126590,124876,125571,127627,124934,118384,114875,114780,116099,117052,117131,116721,116084,115277,114325,113253,112085,110846,109556,109081,108025,106960,105914
2,17,126895,127082,126207,124867,124329,124931,126787,128696,129167,128678,128425,129690,133063,138532,145910,147977,150337,146626,142750,140777,138450,135846,133180,130807,129047,126843,126386,125152,123053,121194,119357,119384,121663,125242,128488,129295,128679,126616,124903,125598,127655,124962,118414,114905,114811,116130,117083,117163,116753,116116,115310,114358,113286,112119,110881,109591,109117,108060,106996
2,18,124995,126856,127049,126181,124849,124321,124930,126792,128705,129180,128697,128456,129757,133142,138650,146049,148152,150500,146788,143007,141079,138578,136026,133399,131143,129804,128577,127945,126694,123695,121370,119432,119438,121711,125287,128533,129340,128724,126662,124950,125645,127702,125010,118464,114956,114862,116182,117135,117215,116805,116169,115363,114412,113340,112173,110935,109646,109172,108116
2,19,122570,124956,126822,127023,126163,124842,124322,124938,126803,128721,129203,128731,128542,129857,133289,138824,146264,148353,150699,147101,143375,141267,138839,136338,133871,132192,132131,130721,130066,127582,123946,121483,119516,119514,121785,125360,128604,129412,128796,126735,125024,125720,127776,125086,118541,115035,114941,116260,117214,117294,116885,116249,115443,114493,113421,112255,111018,109729,109255
2,20,120579,122531,124923,126795,127005,126156,124844,124331,124952,126822,128746,129241,128838,128667,130038,133502,139087,146509,148595,151073,147541,143620,141602,139240,136939,135198,135088,134836,133397,131190,127904,124095,121595,119619,119615,121884,125458,128702,129510,128895,126835,125125,125821,127877,125188,118645,115139,115046,116366,117319,117399,116991,116355,115550,114600,113529,112363,111126,109838
2,21,120067,120540,122498,124897,126778,126998,126159,124855,124347,124973,126850,128786,129366,128984,128877,130285,133807,139372,146791,149027,151578,147831,144017,142076,139947,138495,138537,138253,137967,134714,131570,128083,124230,121720,119741,119735,122004,125578,128822,129630,129016,126956,125247,125943,128000,125311,118770,115266,115173,116493,117446,117527,117118,116483,115679,114729,113659,112493,111257
2,22,120810,120028,120508,122472,124880,126771,127002,126170,124872,124369,125003,126893,128924,129527,129216,129150,130623,134124,139685,147268,149584,151914,148288,144562,142888,141730,142135,142161,141838,139477,135153,131777,128240,124375,121862,119883,119877,122145,125719,128963,129771,129157,127099,125390,126087,128143,125456,118916,115413,115321,116640,117594,117675,117267,116632,115828,114879,113809,112644
2,23,122482,120769,119995,120483,122457,124876,126776,127014,126188,124896,124401,125049,127040,129095,129773,129506,129510,130962,134460,140196,147861,149969,152434,148908,145485,144907,145550,146233,146213,143547,139976,135389,131958,128408,124539,122026,120046,120041,122309,125882,129126,129934,129321,127263,125556,126252,128309,125622,119085,115583,115491,116811,117764,117846,117438,116804,116000,115051,113982
2,24,123762,122440,120737,119971,120470,122454,124882,126789,127033,126213,124930,124450,125205,127220,129353,130076,129882,129864,131313,134995,140818,148296,150553,153128,149938,147740,148844,150123,150756,148122,144106,140242,135593,132147,128592,124724,122211,120233,120227,122495,126067,129310,130119,129507,127450,125744,126440,128496,125811,119276,115775,115683,117003,117957,118038,117631,116997,116194,115245
2,25,124199,123718,122406,120711,119957,120467,122460,124896,126808,127057,126246,124980,124610,125391,127487,129666,130464,130247,130228,131867,135639,141289,148928,151303,154238,152361,151736,153754,154980,152807,148724,144394,140463,135798,132347,128792,124925,122413,120435,120429,122697,126269,129512,130321,129709,127653,125948,126645,128701,126016,119483,115983,115892,117211,118165,118247,117840,117207,116404
2,26,123919,124152,123681,122377,120695,119953,120474,122474,124914,126831,127089,126296,125143,124800,125663,127806,130061,130836,130618,130792,132525,136130,141948,149705,152454,156745,156340,156816,158779,157102,153430,149022,144623,140674,136006,132554,129000,125134,122623,120645,120640,122908,126480,129722,130531,129920,127865,126160,126857,128913,126230,119698,116200,116109,117428,118382,118464,118058,117425
2,27,123216,123870,124113,123650,122357,120687,119957,120486,122491,124936,126862,127136,126456,125331,125071,125983,128200,130432,131205,131181,131449,133012,136784,142721,150846,154941,160577,161382,161803,160885,157719,153723,149246,144830,140878,136209,132758,129205,125341,122832,120854,120850,123117,126689,129931,130740,130130,128076,126372,127069,129125,126442,119912,116415,116324,117644,118598,118680,118274
2,28,122070,123164,123827,124079,123627,122346,120687,119965,120500,122510,124964,126905,127291,126637,125593,125380,126366,128562,130792,131754,131822,131917,133642,137530,143824,153250,158558,165450,166202,163835,161476,157998,153935,149442,145022,141070,136402,132953,129402,125539,123031,121055,121051,123318,126889,130130,130940,130330,128277,126574,127271,129327,126646,120118,116621,116531,117850,118805,118887
2,29,120355,122016,123119,123790,124052,123612,122342,120691,119976,120517,122535,125005,127050,127460,126885,125887,125746,126711,128904,131315,132366,132262,132512,134348,138576,146108,156615,163188,170028,168127,164390,161734,158193,154115,149619,145199,141248,136582,133135,129585,125724,123217,121242,121239,123506,127076,130317,131127,130518,128466,126763,127461,129517,126837,120310,116815,116725,118045,118999
2,30,118062,120298,121967,123078,123758,124032,123602,122341,120697,119988,120538,122572,125139,127207,127691,127159,126230,126069,127031,129397,131891,132776,132818,133173,135329,140729,149240,160982,167505,171838,168643,164626,161911,158356,154274,149779,145361,141411,136747,133301,129754,125895,123389,121415,121412,123679,127249,130489,131299,130691,128640,126938,127636,129692,127013,120488,116995,116905,118224
2,31,115430,118002,120247,121922,123043,123733,124017,123595,122340,120703,120003,120569,122694,125282,127420,127944,127477,126529,126367,127493,129936,132262,133280,133420,134073,137308,143617,153261,164955,169166,172304,168851,164780,162052,158495,154413,149919,145504,141556,136895,133450,129904,126047,123543,121570,121568,123834,127404,130644,131454,130846,128796,127096,127794,129849,127171,120649,117157,117067
2,32,112845,115369,117948,120198,121882,123012,123712,124002,123586,122339,120711,120027,120678,122824,125477,127652,128238,127752,126804,126797,127996,130265,132712,133818,134227,135859,139948,147261,156861,166453,169579,172480,168979,164897,162167,158610,154531,150038,145626,141680,137021,133579,130034,126179,123676,121705,121703,123969,127538,130778,131588,130981,128932,127233,127931,129986,127310,120790,117299
2,33,110742,112779,115309,117895,120152,121845,122983,123689,123985,123575,122336,120724,120121,120792,122999,125688,127919,128487,128000,127199,127262,128281,130659,133183,134533,135824,138285,143216,150490,158200,166813,169726,172581,169071,164988,162257,158703,154627,150137,145727,141783,137127,133687,130145,126292,123790,121820,121819,124085,127653,130892,131703,131096,129049,127350,128049,130104,127428,120911
2,34,108869,110669,112713,115248,117841,120106,121806,122950,123660,123962,123560,122336,120800,120216,120946,123185,125926,128141,128708,128358,127623,127513,128633,131082,133828,135987,138063,141275,146171,151710,158522,166937,169808,172651,169141,165059,162331,158779,154705,150219,145812,141870,137217,133779,130239,126388,123888,121919,121919,124184,127752,130990,131801,131196,129149,127452,128151,130205,127531
2,35,106929,108787,110595,112644,115185,117785,120057,121763,122911,123627,123936,123547,122394,120877,120348,121109,123396,126121,128335,129028,128738,127843,127827,129014,131667,135158,138064,140807,143988,147286,151999,158628,167001,169862,172701,169193,165114,162388,158839,154768,150285,145880,141942,137291,133855,130317,126469,123971,122003,122003,124269,127836,131073,131885,131280,129235,127539,128238,130292
2,36,104555,106838,108703,110516,112572,115121,117728,120005,121715,122868,123591,123913,123589,122452,120987,120487,121294,123567,126290,128619,129368,128929,128120,128166,129542,132882,137052,140582,143296,145004,147541,152086,158677,167039,169897,172735,169228,165153,162430,158884,154816,150336,145934,141999,137351,133918,130382,126536,124040,122074,122075,124340,127906,131143,131955,131351,129307,127612,128311
2,37,101947,104455,106743,108614,110435,112500,115055,117667,119949,121664,122824,123559,123939,123630,122542,121104,120648,121443,123714,126543,128923,129526,129164,128412,128630,130630,134594,139322,142825,144203,145221,147608,152119,158699,167054,169911,172749,169246,165175,162454,158911,154847,150370,145972,142039,137395,133964,130431,126588,124094,122129,122131,124396,127961,131197,132009,131406,129364,127670
2,38,99243,101837,104351,106645,108523,110353,112425,114986,117601,119888,121610,122782,123570,123964,123699,122637,121240,120773,121566,123937,126812,129049,129723,129412,128816,129600,132169,136636,141338,143630,144383,145266,147623,152125,158700,167050,169906,172744,169245,165178,162460,158921,154860,150387,145993,142063,137422,133994,130464,126624,124131,122169,122171,124436,127999,131235,132047,131445,129405
2,39,96473,99125,101723,104242,106544,108431,110267,112345,114910,117530,119822,121556,122777,123578,124012,123770,122746,121339,120872,121758,124172,126910,129208,129928,129757,129674,130994,133995,138439,142048,143775,144405,145263,147613,152112,158683,167028,169884,172722,169227,165163,162449,158913,154857,150387,145997,142071,137434,134009,130482,126645,124154,122194,122197,124461,128024,131258,132071,131470
2,40,93114,96346,99003,101606,104132,106442,108336,110179,112261,114830,117456,119759,121532,122765,123602,124058,123851,122819,121413,121032,121960,124243,127036,129373,130220,130510,130957,132623,135604,139062,142160,143776,144384,145237,147584,152081,158649,166990,169845,172683,169192,165133,162422,158890,154838,150373,145987,142064,137431,134009,130485,126651,124164,122205,122209,124472,128034,131268,132081
2,41,89322,92980,96215,98877,101487,104019,106336,108235,110083,112171,114745,117380,119717,121500,122767,123623,124111,123896,122865,121541,121199,122004,124337,127165,129615,130875,131688,132401,134050,136145,139143,142141,143737,144341,145193,147538,152034,158598,166935,169790,172628,169141,165087,162380,158852,154804,150344,145961,142043,137414,133996,130475,126645,124159,122203,122208,124471,128031,131264
2,42,81769,89181,92841,96080,98747,101364,103902,106223,108127,109979,112072,114656,117320,119665,121479,122764,123650,124130,123917,122961,121675,121217,122069,124435,127365,130191,131957,132985,133684,134524,136201,139107,142085,143675,144280,145132,147478,151972,158532,166864,169719,172557,169075,165026,162322,158799,154755,150300,145923,142008,137384,133970,130453,126626,124143,122189,122195,124457,128016
2,43,77459,81626,89034,92695,95938,98611,101234,103776,106101,108009,109867,111970,114578,117249,119623,121453,122764,123643,124123,123980,123060,121669,121257,122141,124602,127882,131166,133142,134156,134104,134556,136149,139035,142008,143598,144203,145057,147403,151895,158451,166778,169633,172469,168993,164949,162250,158731,154693,150243,145870,141961,137342,133931,130418,126595,124115,122163,122170,124432
2,44,76012,77307,81474,88876,92540,95787,98466,101092,103638,105966,107880,109747,111871,114487,117184,119572,121426,122730,123610,124155,124044,123029,121683,121303,122279,125071,128775,132263,134225,134530,134113,134488,136063,138945,141914,143506,144112,144967,147313,151802,158355,166675,169530,172366,168895,164858,162163,158649,154616,150172,145805,141900,137286,133879,130370,126552,124075,122126,122134
2,45,73444,75845,77146,81312,88709,92377,95627,98309,100939,103487,105821,107744,109628,111760,114399,117109,119519,121366,122670,123609,124184,123987,123015,121701,121410,122700,125883,129787,133261,134552,134514,134025,134386,135957,138837,141805,143397,144005,144862,147207,151695,158243,166557,169411,172247,168782,164750,162060,158552,154525,150086,145725,141826,137218,133816,130311,126497,124024,122078
2,46,70372,73266,75670,76976,81143,88534,92204,95455,98140,100773,103326,105667,107605,109497,111651,114301,117031,119433,121280,122637,123604,124101,123944,123002,121772,121777,123459,126805,130695,133540,134510,134404,133904,134262,135833,138713,141678,143271,143881,144740,147085,151570,158112,166420,169273,172109,168650,164626,161941,158439,154417,149985,145631,141737,137135,133738,130238,126429,123960
2,47,67627,70186,73082,75488,76801,80968,88350,92021,95273,97961,100598,103158,105511,107455,109367,111532,114201,116923,119322,121219,122601,123495,124027,123898,123034,122081,122462,124287,127620,130926,133470,134376,134260,133760,134120,135692,138570,141535,143129,143741,144601,146946,151428,157965,166265,169118,171953,168501,164484,161804,158308,154294,149869,145521,141633,137038,133646,130151,126348
2,48,65147,67431,69992,72889,75299,76618,80785,88158,91827,95080,97771,100415,102982,105340,107304,109227,111409,114071,116790,119234,121154,122464,123390,123946,123888,123275,122707,123179,124994,127799,130830,133315,134210,134094,133598,133959,135532,138410,141373,142968,143582,144444,146789,151267,157799,166091,168943,171777,168332,164323,161649,158160,154153,149735,145394,141513,136925,133539,130050
2,49,63210,64940,67226,69789,72686,75101,76425,80590,87951,91620,94874,97571,100220,102791,105166,107140,109080,111256,113915,116676,119140,120990,122329,123276,123897,124067,123829,123324,123790,125125,127679,130655,133128,134022,133909,133416,133781,135354,138231,141193,142788,143405,144269,146613,151088,157613,165897,168748,171581,168144,164143,161476,157994,153994,149585,145252,141377,136797,133416
2,50,61443,62989,64722,67010,69574,72473,74891,76221,80382,87730,91399,94657,97357,100008,102594,104978,106967,108902,111077,113774,116552,118950,120825,122184,123189,124018,124577,124349,123842,123871,124980,127484,130448,132917,133813,133704,133216,133583,135158,138033,140994,142590,143209,144075,146418,150890,157408,165682,168532,171365,167936,163944,161283,157809,153817,149416,145091,141224,136652
2,51,59870,61208,62756,64493,66784,69350,72249,74669,76002,80159,87495,91166,94423,97125,99790,102383,104779,106763,108697,110909,113621,116339,118758,120651,122065,123264,124483,125025,124794,123881,123701,124766,127260,130219,132686,133584,133480,132997,133367,134942,137815,140774,142372,142993,143861,146204,150671,157182,165446,168295,171127,167707,163724,161070,157604,153622,149230,144914,141054
2,52,58262,59621,60963,62515,64255,66548,69115,72014,74433,75771,79924,87248,90915,94172,96884,99556,102160,104551,106533,108501,110728,113386,116123,118557,120499,122093,123689,124854,125393,124787,123682,123465,124523,127013,129969,132436,133337,133237,132759,133132,134708,137580,140537,142135,142759,143629,145972,150435,156938,165191,168039,170869,167458,163485,160839,157382,153409,149026,144720
2,53,56637,57999,59363,60708,62264,64007,66300,68866,71762,74181,75523,79673,86978,90643,93908,96626,99307,101905,104295,106308,108291,110470,113147,115897,118376,120484,122473,123990,125151,125341,124559,123423,123202,124261,126749,129703,132169,133073,132977,132504,132881,134458,137328,140283,141882,142508,143380,145722,150180,156675,164917,167763,170592,167191,163228,160590,157142,153178,148806
2,54,54922,56360,57726,59093,60441,61999,63744,66036,68598,71491,73907,75255,79395,86684,90354,93622,96349,99024,101621,104038,106065,108008,110206,112895,115685,118313,120809,122694,124208,125051,125082,124271,123136,122919,123979,126466,129418,131883,132789,132698,132231,132611,134189,137057,140010,141610,142239,143113,145454,149907,156393,164622,167467,170295,166904,162952,160323,156884,152931
2,55,53109,54630,56070,57437,58806,60156,61717,63461,65749,68307,71194,73611,74959,79093,86370,90040,93313,96035,98709,101328,103758,105751,107712,109924,112649,115575,118591,120955,122835,124059,124757,124761,123951,122823,122612,123674,126159,129109,131572,132482,132396,131935,132319,133897,136763,139714,141314,141946,142823,145162,149610,156086,164302,167145,169971,166591,162651,160030,156602
2,56,51576,52800,54320,55761,57128,58499,59850,61410,63152,65435,67988,70870,73285,74639,78772,86030,89702,92968,95688,98382,101011,103410,105421,107395,109641,112489,115803,118657,121016,122634,123726,124398,124402,123600,122480,122276,123340,125824,128771,131233,132145,132065,131610,131998,133577,136440,139389,140989,141625,142503,144842,149283,155749,163951,166792,169616,166247,162320,159709
2,57,50527,51247,52472,53992,55431,56799,58169,59519,61077,62817,65094,67642,70522,72937,74301,78426,85668,89329,92590,95327,98028,100629,103043,105065,107071,109427,112672,115790,118636,120760,122259,123329,124000,124009,123215,122106,121908,122975,125458,128402,130862,131778,131703,131255,131647,133227,136087,139032,140634,141272,142154,144491,148925,155379,163565,166404,169226,165870,161957
2,58,50184,50177,50900,52124,53643,55080,56445,57815,59162,60718,62453,64725,67275,70150,72568,73940,78059,85271,88925,92197,94942,97617,100229,102651,104701,106807,109551,112586,115696,118331,120346,121824,122892,123567,123584,122800,121701,121510,122580,125061,128001,130460,131378,131310,130869,131265,132846,135703,138645,140247,140889,141772,144108,148535,154976,163146,165982,168802,165459
2,59,50204,49805,49808,50533,51756,53271,54705,56068,57434,58779,60331,62062,64337,66884,69759,72176,73557,77662,84846,88507,91781,94501,97185,99804,102251,104391,106873,109404,112431,115349,117882,119877,121354,122423,123104,123128,122355,121266,121084,122156,124635,127571,130028,130950,130888,130454,130855,132437,135290,138228,139831,140476,141363,143696,148116,154543,162694,165528,168345
2,60,50268,49789,49404,49414,50141,51361,52872,54302,55662,57024,58366,59913,61651,63923,66470,69341,71760,73141,77233,84401,88061,91310,94038,96727,99368,101894,104400,106663,109188,112040,114866,117379,119370,120847,121920,122606,122638,121876,120799,120625,121700,124176,127109,129563,130488,130433,130007,130413,131995,134845,137779,139382,140031,140920,143251,147662,154075,162206,165037
2,61,50257,49811,49347,48974,48991,49720,50938,52443,53869,55223,56583,57921,59476,61213,63486,66029,68898,71311,72694,76785,83927,87559,90811,93543,96251,98961,101849,104121,106380,108750,111518,114323,116829,118819,120299,121376,122067,122108,121358,120294,120128,121206,123679,126607,129059,129987,129940,129522,129933,131515,134361,137290,138894,139546,140438,142768,147169,153566,161676
2,62,49784,49753,49323,48873,48513,48540,49269,50484,51984,53405,54756,56113,57460,59014,60754,63024,65564,68422,70830,72227,76308,83398,87027,90277,93022,95790,98853,101495,103763,105885,108183,110932,113728,116231,118220,119702,120783,121481,121531,120793,119743,119585,120667,123137,126059,128508,129441,129400,128992,129408,130990,133831,136756,138360,139016,139911,142238,146628,153007
2,63,48647,49235,49219,48804,48369,48024,48060,48791,50003,51498,52916,54264,55628,56976,58533,60273,62539,65069,67917,70328,71731,75779,82837,86460,89716,92514,95616,98440,101074,103215,105271,107553,110293,113083,115583,117570,119055,120140,120844,120903,120179,119143,118995,120080,122546,125463,127909,128844,128812,128413,128835,130418,133253,136172,137776,138437,139334,141658,146037
2,64,46571,48058,48653,48650,48254,47836,47506,47553,48288,49498,50989,52403,53758,55122,56473,58028,59768,62023,64543,67388,69794,71184,75218,82239,85861,89160,92274,95142,97957,100470,102550,104591,106868,109601,112385,114881,116867,118354,119444,120155,120224,119513,118493,118355,119444,121905,124816,127257,128197,128174,127785,128212,129795,132625,135537,137141,137806,138707,141027
2,65,43897,45947,47430,48033,48045,47668,47269,46956,47015,47754,48964,50450,51870,53224,54589,55939,57493,59226,61472,63987,66822,69208,70603,74618,81606,85260,88852,91742,94598,97299,99751,101816,103854,106126,108852,111630,114120,116106,117595,118689,119407,119487,118791,117788,117661,118752,121209,124112,126549,127493,127479,127100,127534,129117,131940,134845,136449,137118,138022
2,66,41202,43240,45276,46755,47366,47394,47037,46659,46365,46437,47181,48391,49881,51297,52651,54014,55365,56913,58640,60882,63387,66196,68576,69974,73975,80956,84887,88245,91122,93878,96524,98960,101019,103054,105321,108041,110810,113296,115279,116770,117870,118594,118685,118006,117020,116904,117999,120450,123345,125777,126725,126720,126354,126794,128376,131191,134089,135693,136366
2,67,38088,40511,42532,44554,46027,46647,46692,46358,46001,45727,45814,46562,47778,49264,50678,52030,53393,54740,56283,58010,60243,62724,65522,67894,69300,73311,80514,84212,87552,90340,93047,95674,98101,100157,102187,104450,107161,109922,112401,114383,115875,116979,117711,117814,117152,116184,116081,117179,119624,122510,124936,125888,125893,125539,125986,127568,130374,133263,134866
2,68,35117,37372,39768,41771,43777,45243,45872,45936,45625,45291,45036,45138,45899,47113,48596,50007,51358,52717,54062,55605,57329,59541,62012,64794,67162,68599,72844,79778,83452,86709,89451,92140,94755,97174,99225,101252,103509,106210,108961,111433,113412,114907,116015,116755,116870,116226,115278,115188,116289,118727,121602,124022,124978,124994,124653,125107,126688,129485,132364
2,69,32251,34382,36610,38977,40960,42947,44407,45044,45126,44839,44529,44297,44421,45187,46401,47879,49287,50634,51990,53337,54878,56586,58789,61248,64019,66400,68074,72094,78963,82557,85765,88487,91162,93766,96176,98222,100244,102495,105185,107925,110389,112365,113861,114974,115721,115850,115225,114299,114221,115326,117756,120620,123032,123992,124019,123692,124153,125732,128519
2,70,29770,31505,33607,35805,38141,40104,42072,43524,44169,44271,44009,43725,43522,43661,44433,45645,47118,48520,49863,51220,52566,54094,55798,57989,60438,63212,65794,67288,71272,78024,81565,84747,87454,90114,92705,95105,97144,99162,101404,104082,106810,109265,111237,112734,113852,114607,114749,114144,113240,113177,114284,116705,119557,121960,122924,122964,122651,123120,124697
2,71,27627,29017,30729,32800,34967,37271,39212,41160,42603,43257,43379,43145,42891,42710,42866,43643,44851,46317,47711,49053,50406,51743,53268,54965,57146,59596,62531,64949,66438,70339,76994,80501,83659,86349,88993,91570,93959,95992,98003,100237,102901,105616,108060,110028,111525,112647,113410,113566,112983,112103,112054,113164,115575,118412,120806,121774,121826,121529,122005
2,72,25822,26866,28239,29926,31965,34100,36370,38289,40214,41650,42312,42455,42250,42022,41864,42036,42816,44019,45474,46864,48202,49543,50877,52395,54087,56267,58853,61637,64034,65479,69320,75893,79367,82499,85170,87797,90359,92735,94760,96763,98987,101637,104336,106770,108731,110228,111354,112126,112296,111735,110880,110847,111959,114359,117180,119563,120535,120600,120319
2,73,24111,25043,26077,27431,29092,31098,33198,35434,37328,39232,40658,41329,41495,41315,41112,40977,41165,41946,43142,44590,45971,47297,48633,49961,51473,53167,55456,57915,60669,63014,64436,68231,74718,78159,81263,83914,86522,89066,91428,93444,95439,97652,100285,102967,105388,107342,108838,109969,110748,110934,110396,109567,109550,110664,113051,115855,118226,119202,119280
2,74,22483,23305,24229,25251,26585,28219,30189,32253,34452,36320,38200,39616,40297,40480,40328,40151,40040,40243,41025,42216,43653,45020,46338,47667,48990,50504,52298,54469,56901,59599,61909,63322,67069,73467,76870,79943,82572,85160,87685,90031,92036,94022,96222,98836,101500,103905,105852,107347,108480,109267,109469,108955,108154,108153,109270,111642,114427,116784,117763
2,75,20856,21643,22458,23371,24380,25693,27297,29228,31254,33412,35253,37107,38512,39198,39402,39278,39129,39042,39262,40049,41233,42652,44009,45320,46644,47970,49573,51265,53411,55792,58446,60728,62133,65830,72131,75494,78534,81138,83703,86206,88534,90528,92502,94687,97281,99924,102313,104250,105742,106879,107674,107891,107404,106632,106648,107765,110122,112885,115227
2,76,19357,19981,20759,21565,22466,23461,24749,26320,28210,30193,32308,34118,35943,37332,38026,38251,38158,38039,37977,38218,39008,40180,41587,42935,44241,45567,46975,48487,50160,52257,54595,57210,59464,60860,64503,70698,74018,77021,79598,82137,84616,86924,88904,90865,93035,95605,98224,100595,102521,104010,105149,105952,106186,105725,104984,105018,106136,108474,111214
2,77,17922,18452,19071,19837,20632,21517,22495,23756,25291,27134,29070,31135,32913,34704,36076,36777,37025,36963,36875,36844,37105,37892,39057,40452,41792,43100,44488,45824,47319,48950,51005,53306,55880,58104,59489,63072,69154,72425,75388,77934,80444,82897,85182,87146,89092,91243,93787,96380,98729,100643,102127,103268,104078,104329,103897,103188,103241,104359,106677
2,78,16585,16996,17522,18133,18885,19665,20532,21488,22717,24210,26000,27883,29898,31637,33391,34742,35451,35720,35690,35637,35637,35912,36701,37858,39241,40577,41930,43257,44577,46033,47632,49650,51913,54443,56632,58006,61523,67480,70697,73615,76128,78606,81028,83287,85233,87162,89291,91806,94369,96694,98593,100071,101213,102030,102299,101897,101223,101295,102413
2,79,15193,15648,16058,16576,17175,17909,18670,19516,20446,21638,23083,24814,26644,28601,30297,32010,33339,34052,34342,34347,34329,34349,34643,35433,36581,37953,39316,40615,41922,43209,44636,46208,48189,50409,52890,55041,56401,59845,65667,68824,71693,74167,76608,78996,81226,83151,85060,87164,89646,92175,94472,96354,97825,98966,99790,100077,99708,99071,99164
2,80,13786,14250,14698,15104,15612,16197,16909,17648,18468,19370,20521,21913,23589,25358,27254,28902,30570,31872,32586,32899,32937,32939,32989,33300,34091,35229,36615,37924,39200,40474,41735,43136,44679,46619,48792,51219,53328,54671,58036,63710,66802,69614,72046,74446,76795,78992,80893,82777,84853,87298,89789,92055,93916,95377,96516,97346,97651,97316,96718
2,81,12362,12838,13291,13730,14131,14627,15196,15886,16602,17394,18266,19373,20719,22332,24037,25865,27462,29077,30348,31064,31396,31451,31483,31560,31888,32678,33828,35157,36439,37681,38926,40163,41536,43048,44943,47064,49432,51494,52817,56096,61609,64629,67380,69763,72118,74424,76582,78455,80313,82357,84759,87207,89437,91275,92723,93859,94694,95018,94717
2,82,10947,11415,11876,12318,12748,13142,13626,14178,14845,15537,16302,17142,18211,19502,21048,22683,24439,25977,27535,28773,29485,29819,29901,29960,30063,30408,31216,32319,33615,34856,36065,37283,38494,39837,41313,43159,45223,47526,49537,50838,54022,59362,62303,64986,67317,69620,71878,73995,75836,77663,79671,82026,84426,86615,88426,89859,90990,91828,92171
2,83,9591,10017,10466,10913,11342,11761,12149,12619,13155,13797,14464,15201,16012,17033,18266,19739,21300,22975,24448,25947,27144,27835,28178,28284,28369,28496,28874,29652,30727,31976,33179,34357,35544,36726,38035,39472,41264,43266,45498,47453,48728,51811,56964,59818,62427,64699,66946,69151,71220,73025,74818,76784,79087,81433,83578,85357,86773,87896,88737
2,84,8337,8701,9108,9539,9968,10383,10789,11167,11622,12138,12754,13394,14101,14873,15843,17013,18409,19889,21477,22882,24313,25452,26126,26475,26601,26709,26881,27250,28011,29045,30250,31416,32559,33713,34863,36133,37528,39260,41195,43350,45243,46489,49461,54413,57174,59702,61909,64094,66239,68256,70021,71774,73695,75939,78226,80321,82064,83459,84572
2,85,7197,7503,7849,8235,8645,9053,9450,9840,10205,10642,11134,11720,12329,12998,13729,14644,15747,17060,18452,19950,21280,22628,23715,24367,24716,24860,25017,25187,25561,26296,27293,28453,29578,30683,31800,32914,34143,35489,37158,39019,41091,42917,44130,46983,51722,54381,56821,58957,61074,63154,65113,66832,68541,70411,72591,74813,76852,78555,79925
2,86,6167,6424,6712,7037,7400,7785,8170,8545,8915,9262,9676,10141,10693,11265,11895,12582,13439,14470,15695,16998,18400,19645,20913,21941,22567,22916,23107,23262,23448,23819,24530,25488,26600,27682,28746,29821,30895,32078,33374,34973,36755,38739,40492,41668,44395,48908,51458,53803,55863,57905,59914,61810,63478,65138,66952,69061,71212,73189,74847
2,87,5215,5448,5687,5956,6258,6595,6952,7310,7660,8005,8331,8717,9154,9668,10203,10790,11431,12227,13184,14320,15530,16832,17993,19177,20142,20743,21118,21307,21478,21674,22043,22729,23646,24706,25740,26758,27789,28819,29953,31193,32718,34417,36306,37981,39117,41710,45986,48420,50664,52640,54602,56534,58360,59973,61578,63330,65363,67436,69345
2,88,4350,4549,4763,4983,5230,5507,5815,6142,6470,6791,7110,7411,7771,8176,8652,9148,9691,10284,11019,11901,12946,14061,15261,16336,17435,18338,18933,19294,19497,19677,19883,20250,20908,21780,22784,23766,24736,25718,26702,27782,28962,30409,32019,33808,35401,36492,38944,42972,45283,47419,49306,51182,53031,54782,56334,57879,59564,61513,63502
2,89,3569,3741,3920,4114,4315,4538,4789,5067,5361,5658,5950,6239,6519,6850,7224,7660,8115,8614,9159,9831,10636,11591,12609,13707,14696,15709,16564,17125,17482,17690,17879,18094,18455,19083,19906,20852,21780,22697,23628,24560,25584,26700,28064,29581,31266,32771,33813,36119,39891,42073,44094,45886,47669,49429,51100,52585,54066,55678,57538
2,90,2906,3025,3176,3337,3511,3690,3890,4114,4361,4624,4889,5151,5414,5671,5974,6314,6711,7125,7579,8074,8684,9414,10277,11199,12195,13098,14035,14827,15359,15702,15914,16112,16332,16684,17278,18051,18936,19807,20669,21544,22423,23386,24436,25714,27134,28711,30124,31114,33269,36778,38825,40727,42420,44105,45771,47355,48770,50181,51714
2,91,2343,2427,2529,2663,2805,2959,3118,3294,3491,3709,3941,4174,4409,4648,4881,5155,5462,5819,6193,6602,7048,7596,8251,9025,9853,10750,11574,12429,13157,13652,13982,14197,14399,14621,14962,15521,16240,17063,17873,18679,19497,20319,21219,22200,23389,24710,26176,27495,28429,30430,33673,35583,37361,38950,40534,42101,43595,44934,46271
2,92,1868,1926,1997,2087,2204,2328,2462,2600,2755,2926,3115,3317,3523,3733,3946,4156,4401,4675,4993,5326,5691,6090,6578,7160,7848,8586,9390,10136,10909,11570,12028,12343,12557,12761,12981,13307,13828,14493,15252,16001,16747,17506,18271,19106,20016,21115,22336,23689,24912,25787,27632,30610,32379,34032,35513,36992,38458,39858,41117
2,93,1455,1509,1557,1619,1698,1798,1905,2021,2140,2273,2420,2582,2757,2938,3123,3312,3498,3715,3957,4237,4531,4854,5206,5636,6147,6754,7410,8126,8792,9481,10077,10499,10797,11007,11208,11423,11732,12213,12823,13517,14205,14891,15589,16294,17064,17901,18910,20029,21270,22395,23209,24898,27612,29240,30765,32137,33508,34869,36172
2,94,1105,1153,1196,1239,1293,1360,1445,1535,1633,1734,1847,1972,2111,2262,2419,2580,2744,2908,3097,3308,3552,3808,4091,4399,4773,5219,5751,6329,6959,7546,8156,8688,9073,9351,9554,9749,9957,10246,10686,11241,11870,12495,13120,13758,14403,15106,15870,16788,17806,18934,19961,20713,22247,24701,26187,27583,28844,30106,31361
2,95,813,856,895,932,969,1015,1072,1142,1217,1299,1383,1477,1583,1701,1830,1964,2102,2243,2385,2548,2730,2939,3160,3404,3670,3992,4380,4841,5343,5889,6402,6938,7410,7756,8014,8206,8392,8589,8857,9256,9755,10320,10883,11447,12024,12608,13244,13936,14764,15682,16698,17628,18316,19698,21897,23242,24509,25659,26811
2,96,584,615,650,682,714,745,783,829,887,948,1015,1084,1162,1251,1350,1458,1571,1687,1807,1928,2066,2221,2398,2586,2793,3021,3298,3630,4025,4454,4923,5367,5832,6245,6554,6788,6968,7142,7326,7571,7929,8373,8876,9378,9882,10398,10922,11492,12111,12851,13670,14578,15412,16035,17268,19221,20427,21567,22605
2,97,409,430,455,483,509,535,561,592,629,675,724,778,834,899,972,1054,1143,1236,1333,1433,1534,1650,1779,1927,2084,2259,2453,2686,2967,3300,3663,4061,4441,4840,5197,5469,5679,5844,6004,6174,6394,6711,7102,7544,7987,8432,8889,9354,9859,10408,11062,11786,12587,13327,13886,14974,16691,17761,18776
2,98,279,293,310,329,351,372,393,413,438,467,503,542,585,631,683,742,808,880,956,1035,1117,1200,1295,1402,1525,1654,1802,1964,2158,2390,2666,2970,3303,3624,3961,4266,4502,4687,4836,4981,5134,5331,5608,5947,6331,6716,7105,7505,7912,8355,8836,9407,10039,10739,11388,11884,12834,14325,15265
2,99,185,194,205,218,233,250,266,282,298,317,340,368,398,432,469,510,557,609,667,727,791,858,925,1002,1088,1189,1299,1420,1553,1709,1899,2125,2375,2651,2917,3198,3455,3657,3818,3950,4080,4216,4388,4627,4918,5247,5579,5914,6259,6612,6995,7411,7904,8450,9055,9617,10051,10872,12153
2,100,323,345,367,393,421,454,490,530,571,615,662,714,776,847,929,1020,1123,1239,1370,1517,1678,1855,2047,2251,2474,2720,2999,3302,3635,3997,4403,4873,5421,6051,6767,7544,8384,9255,10111,10925,11685,12402,13093,13792,14551,15402,16357,17397,18510,19691,20934,22253,23660,25202,26897,28762,30733,32690,34947
