F_ENTRADA,age,SS,cases
2008,28,At,1
2008,48,At,1
2008,66,At,1
2009,6,MSO,2
2009,8,At,1
2009,9,At,1
2009,15,At,1
2009,26,At,1
2009,31,At,1
2009,32,At,1
2009,35,At,1
2009,37,At,1
2009,39,At,1
2009,44,At,2
2009,49,At,2
2009,50,At,2
2009,59,At,1
2009,59,Mau,1
2009,66,At,1
2009,67,At,1
2009,70,At,1
2009,80,At,1
2009,88,At,1
2009,93,Ay,1
2010,0,At,1
2010,3,At,1
2010,5,At,1
2010,5,MSO,2
2010,6,MSO,2
2010,7,MSO,2
2010,9,MSO,3
2010,10,MSO,1
2010,11,MSO,1
2010,17,MSO,2
2010,18,At,1
2010,20,MSO,1
2010,21,At,1
2010,22,MSO,1
2010,23,At,1
2010,23,MSO,1
2010,29,MSO,2
2010,29,Mau,1
2010,33,At,1
2010,35,MSO,2
2010,39,At,2
2010,40,At,1
2010,42,At,1
2010,45,At,2
2010,47,MSO,3
2010,50,Mau,1
2010,51,At,1
2010,52,At,1
2010,52,Mau,1
2010,55,At,1
2010,55,MSO,2
2010,60,MSO,1
2010,60,Mau,1
2010,61,At,1
2010,62,MSO,1
2010,62,Mau,1
2010,65,MSO,1
2010,66,At,1
2010,68,MSO,2
2010,72,At,1
2010,90,At,1
2011,0,At,1
2011,2,At,2
2011,5,Mau,1
2011,6,At,1
2011,6,MSO,1
2011,8,At,1
2011,8,MSO,1
2011,9,Ay,2
2011,10,At,1
2011,10,Mau,1
2011,11,At,1
2011,12,Mau,1
2011,14,At,2
2011,14,Ay,1
2011,15,At,1
2011,15,Mau,1
2011,16,Ay,2
2011,16,Mau,1
2011,17,At,2
2011,17,Ay,2
2011,17,MSO,2
2011,17,Mau,1
2011,18,Mau,1
2011,19,MSO,1
2011,20,Mau,1
2011,21,MSO,3
2011,24,At,1
2011,24,Ay,1
2011,25,Ay,3
2011,25,MS,1
2011,27,Ay,3
2011,28,At,1
2011,28,Ay,1
2011,28,Mau,1
2011,29,At,1
2011,29,Ay,3
2011,29,MSO,2
2011,31,At,1
2011,32,At,3
2011,32,Ay,1
2011,33,At,1
2011,33,MSO,2
2011,34,At,1
2011,34,Ay,1
2011,37,At,1
2011,37,Ay,1
2011,37,MSO,1
2011,38,At,1
2011,39,At,2
2011,39,Ay,1
2011,39,Mau,1
2011,40,At,1
2011,40,Ay,1
2011,40,MSO,1
2011,40,Mau,3
2011,41,At,4
2011,41,Ay,2
2011,42,Ay,1
2011,43,Ay,1
2011,44,At,2
2011,45,Ay,3
2011,45,MSO,3
2011,46,At,3
2011,46,Ay,1
2011,46,MSO,2
2011,46,Mau,1
2011,47,At,1
2011,47,Ay,1
2011,48,Ay,1
2011,49,At,1
2011,50,At,2
2011,51,At,2
2011,52,At,3
2011,53,At,3
2011,54,Ay,3
2011,54,MSO,2
2011,55,At,5
2011,55,Mau,1
2011,56,At,3
2011,56,Ay,1
2011,56,MSO,1
2011,56,Mau,1
2011,57,At,1
2011,58,At,3
2011,58,Ay,2
2011,59,At,1
2011,59,Ay,1
2011,59,MSO,1
2011,60,Ay,1
2011,61,At,1
2011,61,Ay,2
2011,62,Ay,1
2011,63,Ay,1
2011,63,MSO,1
2011,64,At,2
2011,64,MSO,1
2011,65,At,1
2011,65,Ay,1
2011,65,MSO,1
2011,65,Mau,1
2011,66,At,2
2011,66,MSO,1
2011,67,At,2
2011,67,Ay,1
2011,67,Mau,2
2011,68,At,1
2011,69,Ay,2
2011,69,MSO,1
2011,70,Ay,1
2011,71,Mau,1
2011,72,At,1
2011,76,MSO,1
2011,77,Mau,1
2011,79,Chi,1
2011,80,Ay,7
2011,81,At,1
2011,83,At,1
2011,88,MSO,1
2012,0,Ay,1
2012,2,MSO,1
2012,3,At,1
2012,3,Ay,3
2012,5,At,2
2012,6,Ay,1
2012,6,MSO,1
2012,7,MSO,1
2012,8,MC,1
2012,8,MSO,1
2012,9,At,1
2012,10,Ay,2
2012,11,Ay,1
2012,11,MSO,1
2012,12,Ay,1
2012,13,Ay,2
2012,16,At,1
2012,16,MSO,2
2012,17,At,1
2012,17,MSO,4
2012,18,At,2
2012,18,MSO,1
2012,19,Ay,2
2012,19,MSO,5
2012,20,At,2
2012,20,MSO,1
2012,22,Ay,3
2012,22,MSO,2
2012,23,Ay,1
2012,23,MSO,2
2012,24,MSO,1
2012,25,MSO,1
2012,27,At,3
2012,27,MSO,1
2012,28,Ay,1
2012,28,MSO,1
2012,29,At,1
2012,29,Ay,1
2012,29,MSO,1
2012,29,Mau,1
2012,30,Ay,1
2012,30,MSO,1
2012,30,Mau,1
2012,32,At,1
2012,32,Ay,2
2012,32,MSO,2
2012,32,Mau,1
2012,33,At,1
2012,33,Ay,1
2012,33,MSO,3
2012,34,At,1
2012,34,Ay,2
2012,34,MSO,3
2012,34,Mau,1
2012,35,At,2
2012,35,MSO,1
2012,36,MSO,2
2012,37,Ay,2
2012,37,MSO,1
2012,37,Mau,1
2012,38,At,1
2012,38,Ay,2
2012,38,Mau,1
2012,39,At,2
2012,39,Ay,1
2012,40,At,2
2012,40,Ay,3
2012,40,MSO,1
2012,41,At,1
2012,41,Ay,2
2012,41,MSO,2
2012,41,Mau,2
2012,42,At,3
2012,42,Ay,3
2012,42,MSO,2
2012,42,Mau,1
2012,43,Ay,1
2012,43,MSO,1
2012,44,MSO,2
2012,45,Ay,1
2012,46,Ay,3
2012,46,MSO,1
2012,47,At,2
2012,47,Ay,1
2012,47,MSO,2
2012,48,Ay,2
2012,48,MSO,2
2012,48,Mau,4
2012,49,Ay,3
2012,49,MSO,2
2012,49,Nu,1
2012,50,Ay,1
2012,50,MSO,2
2012,51,Ay,1
2012,51,MSO,3
2012,52,Mau,1
2012,53,At,1
2012,53,MSO,1
2012,54,At,2
2012,54,MSO,4
2012,55,At,1
2012,55,Ay,2
2012,55,Chi,1
2012,55,MSO,2
2012,56,Ay,1
2012,56,MSO,3
2012,56,Mau,1
2012,57,At,2
2012,57,Ay,2
2012,57,MSO,1
2012,57,Mau,2
2012,58,At,2
2012,58,Ay,1
2012,58,MSO,2
2012,59,Ay,2
2012,59,Nu,1
2012,60,At,3
2012,60,Ay,1
2012,61,Ay,1
2012,62,Mau,1
2012,63,Ay,2
2012,64,At,5
2012,64,Mau,1
2012,65,Ay,1
2012,66,MSO,2
2012,67,At,1
2012,68,At,1
2012,68,MSO,2
2012,69,At,1
2012,70,Ay,2
2012,70,MSO,4
2012,71,At,3
2012,71,Ay,1
2012,72,Ay,1
2012,73,At,1
2012,73,Ay,1
2012,76,At,1
2012,77,Ay,1
2012,77,MSO,1
2012,78,At,1
2012,82,Ay,1
2012,83,At,1
2012,96,Ay,1
2013,0,Ay,1
2013,0,Mau,1
2013,1,MSO,1
2013,2,MSO,1
2013,3,MSO,1
2013,4,Ay,1
2013,4,MSO,2
2013,4,Mau,1
2013,6,Ay,1
2013,6,Mau,1
2013,7,Ay,1
2013,7,MSO,2
2013,7,Mau,1
2013,10,Ay,1
2013,10,MSO,1
2013,10,Mau,1
2013,11,MSO,1
2013,11,Mau,2
2013,12,MSO,3
2013,13,Ay,1
2013,13,MSO,1
2013,14,Ay,1
2013,14,MSO,3
2013,14,Mau,1
2013,15,At,1
2013,15,Ay,1
2013,15,Mau,1
2013,16,Ay,2
2013,16,MSO,1
2013,17,At,1
2013,17,Ay,2
2013,17,MSO,2
2013,17,Mau,1
2013,18,At,1
2013,18,Ay,1
2013,18,MSO,9
2013,19,Ay,1
2013,19,MSO,1
2013,20,MSO,3
2013,20,Mau,1
2013,21,Ay,2
2013,21,MSO,1
2013,22,Ay,2
2013,22,MSO,2
2013,22,Mau,1
2013,23,At,1
2013,23,Ay,1
2013,23,MSO,2
2013,23,Mau,2
2013,24,Ay,3
2013,25,At,1
2013,26,At,1
2013,26,MSO,2
2013,27,At,2
2013,27,Ay,3
2013,28,At,1
2013,28,Ay,5
2013,28,Mau,1
2013,29,MSO,2
2013,30,Ay,1
2013,30,MSO,3
2013,31,At,1
2013,31,Ay,1
2013,31,MSO,3
2013,32,Ay,2
2013,32,MSO,2
2013,33,At,1
2013,33,Ay,2
2013,33,MSO,7
2013,34,At,2
2013,34,Ay,7
2013,34,MSO,4
2013,34,Mau,2
2013,35,At,2
2013,35,Ay,1
2013,35,MSO,1
2013,36,At,1
2013,36,Ay,1
2013,36,MSO,1
2013,36,Nu,1
2013,37,At,1
2013,37,Ay,1
2013,37,MSO,4
2013,38,Ay,2
2013,38,Mau,1
2013,39,Ay,1
2013,40,At,2
2013,40,Ay,1
2013,40,MSO,6
2013,40,Mau,1
2013,41,Ay,2
2013,41,MSO,7
2013,41,Mau,1
2013,41,Nu,1
2013,42,Ay,1
2013,42,MSO,3
2013,42,Mau,2
2013,42,Nu,1
2013,43,Ay,2
2013,43,MSO,2
2013,43,Mau,2
2013,44,At,1
2013,44,Ay,6
2013,44,MSO,3
2013,45,Ay,3
2013,45,MSO,1
2013,46,Ay,2
2013,46,MSO,2
2013,47,Ay,4
2013,47,MSO,8
2013,47,Mau,1
2013,47,Nu,1
2013,48,Ay,5
2013,48,MSO,3
2013,48,Mau,1
2013,49,At,2
2013,49,Ay,2
2013,49,MSO,3
2013,50,Ay,2
2013,50,MSO,2
2013,50,Mau,1
2013,51,At,1
2013,51,Ay,3
2013,51,MSO,4
2013,51,Mau,2
2013,51,Nu,1
2013,52,At,2
2013,52,MSO,3
2013,53,At,1
2013,53,Ay,1
2013,53,MSO,4
2013,54,MSO,3
2013,54,Mau,1
2013,55,MSO,2
2013,56,At,2
2013,56,Ay,4
2013,56,MSO,6
2013,57,MSO,3
2013,57,Mau,2
2013,58,At,2
2013,58,Ay,3
2013,58,MSO,1
2013,58,Mau,2
2013,59,Ay,3
2013,59,MSO,6
2013,60,At,2
2013,60,MSO,10
2013,60,Mau,1
2013,61,Ay,1
2013,61,MSO,7
2013,61,Mau,1
2013,61,Nu,1
2013,62,MSO,2
2013,62,Nu,1
2013,63,At,1
2013,63,Ay,1
2013,63,MSO,5
2013,64,At,2
2013,64,Ay,1
2013,64,MSO,6
2013,65,At,1
2013,65,Ay,3
2013,65,MSO,7
2013,65,Mau,1
2013,66,MSO,5
2013,66,Mau,2
2013,67,Ay,1
2013,67,MSO,5
2013,67,Mau,1
2013,68,At,1
2013,68,MSO,3
2013,69,MSO,5
2013,69,Mau,1
2013,69,Nu,1
2013,70,Mau,1
2013,71,Ay,1
2013,71,MSO,1
2013,71,Mau,1
2013,71,Nu,1
2013,72,At,1
2013,72,Ay,2
2013,72,MSO,3
2013,74,MSO,1
2013,75,Ay,1
2013,76,At,1
2013,76,MSO,1
2013,77,Ay,2
2013,77,MSO,4
2013,82,MSO,1
2013,84,Mau,1
2013,85,Ay,1
2013,85,Mau,1
2013,87,Ay,1
2014,0,At,1
2014,0,Ay,2
2014,0,MSO,1
2014,0,Nu,1
2014,0,Tal,1
2014,1,Ay,1
2014,1,MSO,1
2014,2,Ay,1
2014,3,Ay,1
2014,3,MSO,3
2014,4,Ay,1
2014,4,Nu,2
2014,5,Ay,2
2014,5,Nu,1
2014,6,MSO,3
2014,6,Mau,1
2014,7,At,1
2014,7,Nu,1
2014,8,MSO,1
2014,8,Nu,1
2014,9,At,1
2014,9,Ay,1
2014,9,MSO,1
2014,10,At,1
2014,10,Ay,1
2014,10,MSO,6
2014,10,Mau,2
2014,10,Nu,1
2014,11,MSO,6
2014,11,Mau,2
2014,12,At,3
2014,12,MSO,2
2014,12,Mau,1
2014,13,At,1
2014,13,Tal,1
2014,14,At,1
2014,14,Ay,1
2014,14,MSO,2
2014,14,Mau,1
2014,15,At,2
2014,15,Ay,3
2014,15,MSO,5
2014,15,Nu,2
2014,16,MN,1
2014,16,MSO,2
2014,16,Nu,2
2014,17,At,2
2014,17,MSO,8
2014,17,Nu,3
2014,18,Ay,1
2014,18,MN,1
2014,18,MSO,3
2014,18,Nu,1
2014,19,Ay,2
2014,19,MSO,2
2014,19,Mau,1
2014,19,Nu,2
2014,19,Tal,1
2014,20,Ay,2
2014,20,MSO,3
2014,20,Mau,1
2014,20,Nu,1
2014,21,At,1
2014,21,Ay,1
2014,21,MSO,1
2014,21,Nu,2
2014,21,O,1
2014,22,Ay,4
2014,22,MSO,5
2014,22,Mau,1
2014,22,Nu,2
2014,23,Ay,1
2014,23,MSO,4
2014,24,Ay,4
2014,24,MSO,2
2014,24,Nu,1
2014,25,Ay,5
2014,25,MSO,1
2014,25,Mau,1
2014,25,Nu,1
2014,25,O,1
2014,26,Ay,1
2014,26,MN,1
2014,26,MSO,3
2014,27,Nu,1
2014,28,Ay,1
2014,28,Nu,2
2014,29,MSO,1
2014,29,Nu,3
2014,30,MSO,4
2014,30,Nu,1
2014,31,Ay,2
2014,31,MSO,2
2014,31,Mau,1
2014,31,Nu,1
2014,32,At,2
2014,32,Ay,2
2014,32,MSO,4
2014,32,Mau,1
2014,33,MSO,4
2014,33,Nu,4
2014,34,At,1
2014,34,Ay,4
2014,34,MSO,1
2014,34,Nu,1
2014,35,At,1
2014,35,Ay,4
2014,35,MSO,1
2014,35,Mau,1
2014,35,Nu,1
2014,36,At,2
2014,36,Ay,1
2014,36,MSO,5
2014,36,Nu,1
2014,37,Ay,3
2014,37,MSO,4
2014,38,At,2
2014,38,MSO,3
2014,39,At,2
2014,39,Ay,2
2014,39,MSO,1
2014,40,At,1
2014,40,Ay,1
2014,40,MN,1
2014,40,MSO,3
2014,40,Mau,1
2014,41,Ay,2
2014,41,MO,1
2014,41,MSO,9
2014,41,Mau,2
2014,42,MSO,2
2014,42,Mau,1
2014,42,Nu,4
2014,43,At,2
2014,43,Ay,1
2014,43,MSO,2
2014,43,Nu,2
2014,44,Ay,6
2014,44,MSO,5
2014,44,Nu,5
2014,45,Ay,6
2014,45,MSO,6
2014,46,At,1
2014,46,Ay,1
2014,46,MSO,6
2014,46,Mau,1
2014,46,Nu,2
2014,47,At,2
2014,47,Ay,4
2014,47,MSO,5
2014,47,Tal,1
2014,48,Ay,2
2014,48,MSO,6
2014,48,Mau,4
2014,48,Nu,2
2014,49,Ay,4
2014,49,MSO,7
2014,49,Nu,4
2014,50,Ay,2
2014,50,MSO,7
2014,50,Mau,1
2014,50,Nu,2
2014,50,Tal,1
2014,51,At,2
2014,51,Ay,1
2014,51,MSO,3
2014,51,Mau,3
2014,51,Nu,2
2014,52,At,1
2014,52,Ay,2
2014,52,MSO,5
2014,52,Mau,1
2014,52,Nu,3
2014,53,At,1
2014,53,Ay,2
2014,53,MSO,9
2014,53,Mau,2
2014,54,At,1
2014,54,Ay,1
2014,54,MSO,6
2014,54,Nu,1
2014,55,At,1
2014,55,Ay,2
2014,55,MSO,9
2014,55,Mau,1
2014,55,Nu,2
2014,55,Tal,1
2014,56,At,2
2014,56,Ay,1
2014,56,MSO,6
2014,56,Nu,2
2014,57,MSO,3
2014,57,Mau,1
2014,58,At,1
2014,58,MSO,6
2014,58,Mau,1
2014,58,Nu,3
2014,59,At,1
2014,59,Ay,1
2014,59,MSO,7
2014,59,Nu,3
2014,59,Tal,1
2014,60,At,3
2014,60,Ay,1
2014,60,MSO,3
2014,60,Mau,1
2014,61,At,1
2014,61,Ay,1
2014,61,MSO,5
2014,61,Nu,1
2014,62,At,3
2014,62,Ay,2
2014,62,MSO,3
2014,63,At,1
2014,63,Ay,2
2014,63,MSO,5
2014,63,Nu,1
2014,64,At,2
2014,64,Ay,1
2014,64,MSO,7
2014,65,At,2
2014,65,Ay,1
2014,65,MSO,2
2014,65,Mau,2
2014,65,Tal,1
2014,66,At,1
2014,66,Ay,1
2014,66,MSO,2
2014,66,Nu,2
2014,67,Ay,1
2014,67,MSO,7
2014,67,Mau,1
2014,67,Nu,1
2014,68,Ay,2
2014,68,MSO,5
2014,68,Nu,1
2014,69,MSO,1
2014,69,Mau,1
2014,70,At,1
2014,70,MSO,2
2014,70,Nu,1
2014,71,At,1
2014,71,Ay,1
2014,71,MSO,1
2014,71,Nu,1
2014,72,Ay,1
2014,72,MSO,6
2014,73,At,1
2014,73,MSO,3
2014,73,Nu,1
2014,73,O,2
2014,74,At,1
2014,74,MSO,3
2014,74,Mau,1
2014,75,MSO,5
2014,75,Nu,1
2014,76,MSO,2
2014,76,Mau,2
2014,77,At,1
2014,78,At,1
2014,78,MSO,1
2014,81,Nu,1
2014,83,Nu,1
2014,84,Ay,1
2014,85,MSO,1
2014,86,At,1
2014,86,Ay,1
2014,86,MSO,2
2014,87,MSO,1
2014,89,Ay,1
2015,0,At,1
2015,0,MSO,1
2015,1,MSO,3
2015,1,Mau,2
2015,1,Nu,1
2015,2,MSO,2
2015,3,MN,1
2015,3,MSO,1
2015,3,Nu,1
2015,4,MSO,1
2015,4,Nu,1
2015,4,O,1
2015,5,Ay,1
2015,5,MSO,2
2015,5,Nu,1
2015,6,Mau,1
2015,7,O,1
2015,8,At,1
2015,8,Nu,1
2015,9,MSO,4
2015,9,Mau,5
2015,9,Nu,3
2015,10,Nu,2
2015,11,At,1
2015,11,Mau,2
2015,11,O,1
2015,12,MSO,1
2015,12,Mau,1
2015,12,Nu,1
2015,13,MSO,3
2015,13,Nu,3
2015,14,At,1
2015,14,Ay,1
2015,14,MN,1
2015,14,MSO,3
2015,14,Nu,1
2015,15,At,1
2015,15,MSO,3
2015,15,Mau,2
2015,15,Nu,2
2015,16,At,1
2015,16,MSO,4
2015,16,Nu,1
2015,17,At,1
2015,17,MSO,3
2015,17,Nu,4
2015,17,O,1
2015,18,Ar,1
2015,18,MN,1
2015,18,Nu,2
2015,18,O,1
2015,19,MSO,4
2015,19,Nu,1
2015,19,O,1
2015,20,At,1
2015,20,MSO,1
2015,20,Mau,1
2015,20,Tal,1
2015,21,MSO,1
2015,21,Mau,1
2015,21,O,1
2015,22,Ay,1
2015,22,Chi,1
2015,22,MSO,1
2015,22,Nu,2
2015,23,Ay,2
2015,23,MN,1
2015,23,MSO,6
2015,23,Nu,2
2015,24,Ay,2
2015,24,Nu,2
2015,24,O,1
2015,25,MSO,3
2015,25,Mau,1
2015,25,Nu,3
2015,25,O,1
2015,26,Ay,2
2015,26,MSO,1
2015,26,Nu,1
2015,26,Tal,2
2015,27,MSO,4
2015,27,O,1
2015,28,At,1
2015,28,MSO,4
2015,28,Mau,2
2015,28,Nu,1
2015,29,MSO,2
2015,29,Nu,2
2015,29,Tal,1
2015,30,At,1
2015,30,MSO,1
2015,30,Mau,1
2015,30,Nu,1
2015,31,MSO,3
2015,31,O,1
2015,31,Tal,1
2015,32,MSO,6
2015,32,Mau,1
2015,32,Nu,2
2015,33,Ay,2
2015,33,MSO,2
2015,33,Mau,3
2015,33,O,1
2015,34,Ay,2
2015,34,MSO,4
2015,34,Nu,2
2015,34,O,1
2015,35,Ay,2
2015,35,MSO,3
2015,35,Mau,2
2015,35,Nu,1
2015,35,O,1
2015,36,At,2
2015,36,Ay,1
2015,36,MSO,2
2015,36,Mau,1
2015,36,Nu,1
2015,36,O,1
2015,37,At,2
2015,37,MSO,4
2015,37,O,1
2015,38,Ar,1
2015,38,MSO,5
2015,38,Mau,1
2015,38,Nu,2
2015,38,O,1
2015,39,Ay,1
2015,39,MSO,2
2015,39,Mau,2
2015,39,O,1
2015,40,Ay,1
2015,40,MSO,2
2015,40,Nu,4
2015,40,O,5
2015,40,Tal,1
2015,41,Ay,2
2015,41,MSO,1
2015,41,Nu,1
2015,41,O,1
2015,42,At,1
2015,42,MSO,6
2015,42,Mau,1
2015,42,Nu,1
2015,43,Ay,1
2015,43,MSO,4
2015,43,Nu,3
2015,43,O,2
2015,44,At,1
2015,44,MSO,4
2015,44,Mau,1
2015,44,Nu,1
2015,44,O,1
2015,44,Tal,1
2015,45,At,2
2015,45,Ay,3
2015,45,MSO,7
2015,45,Mau,2
2015,45,Nu,4
2015,45,Tal,1
2015,46,MSO,4
2015,46,Nu,1
2015,46,O,2
2015,47,Ay,2
2015,47,MSO,4
2015,47,Nu,6
2015,47,O,2
2015,48,Ay,3
2015,48,MN,1
2015,48,MSO,7
2015,48,Mau,1
2015,48,Nu,1
2015,48,O,2
2015,49,At,1
2015,49,Ay,2
2015,49,MSO,7
2015,49,Mau,1
2015,49,Nu,2
2015,49,O,1
2015,50,Ay,2
2015,50,MSO,7
2015,50,Mau,1
2015,50,Nu,1
2015,50,Tal,2
2015,51,Ay,1
2015,51,MSO,9
2015,51,Mau,2
2015,51,Nu,2
2015,51,O,3
2015,51,Tal,1
2015,52,Ay,3
2015,52,MSO,6
2015,52,Nu,5
2015,52,O,2
2015,52,Tal,1
2015,53,At,1
2015,53,Ay,3
2015,53,MSO,9
2015,53,Mau,3
2015,53,Nu,3
2015,53,O,4
2015,53,Tal,1
2015,54,Ar,1
2015,54,At,1
2015,54,MSO,9
2015,54,Nu,3
2015,54,O,2
2015,55,At,1
2015,55,Ay,1
2015,55,MSO,4
2015,55,Mau,2
2015,55,Nu,2
2015,56,At,1
2015,56,Ay,1
2015,56,MSO,6
2015,56,Nu,1
2015,56,O,2
2015,57,Ay,1
2015,57,MSO,6
2015,57,Mau,1
2015,57,Nu,3
2015,57,O,3
2015,57,Tal,1
2015,58,Ay,1
2015,58,MN,1
2015,58,MSO,6
2015,58,Mau,2
2015,58,Nu,8
2015,58,O,1
2015,58,Tal,1
2015,59,At,3
2015,59,Ay,4
2015,59,MSO,3
2015,59,Mau,1
2015,59,Tal,1
2015,60,MSO,1
2015,60,Mau,2
2015,60,Nu,2
2015,60,O,2
2015,60,Tal,1
2015,61,At,1
2015,61,MSO,4
2015,61,Nu,3
2015,61,Tal,2
2015,62,MSO,6
2015,62,Nu,2
2015,63,At,1
2015,63,MSO,5
2015,63,Mau,1
2015,63,Nu,1
2015,63,O,1
2015,64,MSO,5
2015,64,Mau,1
2015,64,Nu,3
2015,64,O,1
2015,65,At,1
2015,65,MSO,2
2015,65,Nu,4
2015,65,O,1
2015,65,Tal,1
2015,66,MSO,4
2015,66,Nu,2
2015,66,O,1
2015,67,Ar,1
2015,67,Ay,1
2015,67,MSO,6
2015,68,Ar,1
2015,68,MSO,1
2015,68,Mau,3
2015,68,Nu,2
2015,68,O,1
2015,69,MSO,4
2015,70,At,2
2015,70,MSO,4
2015,70,Nu,1
2015,70,O,2
2015,71,At,1
2015,71,MSO,4
2015,71,Mau,1
2015,72,MSO,5
2015,72,Nu,1
2015,72,O,1
2015,73,MSO,5
2015,73,Nu,1
2015,73,O,1
2015,74,MSO,1
2015,74,Mau,1
2015,74,Nu,1
2015,75,At,1
2015,75,MSO,3
2015,75,Nu,1
2015,76,MSO,2
2015,76,O,2
2015,77,MSO,2
2015,77,Mau,1
2015,77,Nu,3
2015,78,Ay,1
2015,78,O,1
2015,79,Ay,1
2015,79,MSO,1
2015,79,Nu,2
2015,79,Tal,1
2015,80,MSO,1
2015,80,O,1
2015,81,At,1
2015,81,Tal,1
2015,83,Mau,1
2015,84,Nu,1
2015,85,MSO,2
2015,87,Mau,2
2015,88,MSO,1
2015,89,O,1
2015,90,Nu,1
2016,0,MSO,1
2016,0,Mau,1
2016,0,Nu,1
2016,2,MSO,1
2016,3,MSO,1
2016,4,MSO,3
2016,4,Nu,1
2016,4,Tal,1
2016,5,MSO,2
2016,5,Mau,1
2016,5,Nu,2
2016,5,O,1
2016,6,At,1
2016,6,MSO,1
2016,6,Mau,1
2016,6,Nu,1
2016,7,At,1
2016,7,Mau,1
2016,8,Nu,1
2016,9,MSO,4
2016,9,Nu,2
2016,9,O,2
2016,10,At,3
2016,10,MSO,2
2016,10,Nu,2
2016,11,MSO,1
2016,11,Mau,2
2016,11,Nu,3
2016,11,O,2
2016,12,MSO,10
2016,12,Nu,3
2016,13,Ay,1
2016,13,MSO,4
2016,13,O,1
2016,13,Rel,1
2016,14,Nu,2
2016,14,Rel,1
2016,15,At,2
2016,15,Ay,1
2016,15,MN,1
2016,15,MSO,3
2016,15,Mau,1
2016,15,Nu,1
2016,16,At,3
2016,16,Ay,1
2016,16,MSO,4
2016,16,Nu,1
2016,17,MSO,4
2016,17,O,2
2016,18,Ay,1
2016,18,MSO,4
2016,18,Mau,1
2016,18,Nu,1
2016,18,O,1
2016,19,Ar,1
2016,19,Ay,1
2016,19,Mau,1
2016,19,Nu,3
2016,19,O,1
2016,20,At,1
2016,20,Ay,1
2016,20,MSO,5
2016,20,Mau,3
2016,20,O,2
2016,21,Ay,1
2016,21,MSO,1
2016,21,O,1
2016,22,At,1
2016,22,Ay,1
2016,22,MSO,5
2016,22,Nu,4
2016,22,O,1
2016,22,Tal,1
2016,23,Mau,1
2016,23,Nu,1
2016,23,O,3
2016,23,Tal,1
2016,24,Ar,1
2016,24,Ay,1
2016,24,MSO,3
2016,24,O,1
2016,25,At,1
2016,25,MSO,2
2016,25,Mau,1
2016,25,Nu,2
2016,25,O,1
2016,25,Rel,1
2016,26,Ar,1
2016,26,At,2
2016,26,Ay,2
2016,26,MSO,1
2016,26,Mau,4
2016,26,O,1
2016,26,Rel,2
2016,27,MSO,5
2016,27,Mau,1
2016,27,O,2
2016,27,Rel,1
2016,28,MSO,3
2016,28,Mau,4
2016,28,Nu,1
2016,28,O,1
2016,29,Ar,1
2016,29,MSO,2
2016,29,Nu,2
2016,29,O,1
2016,30,At,1
2016,30,Ay,1
2016,30,MSO,1
2016,30,Nu,1
2016,30,Tal,1
2016,31,MSO,2
2016,31,Mau,1
2016,31,Nu,1
2016,31,O,1
2016,32,Ay,1
2016,32,MSO,3
2016,32,Mau,2
2016,32,Nu,3
2016,32,O,2
2016,33,Ay,1
2016,33,MSO,5
2016,33,Nu,1
2016,33,O,3
2016,34,At,1
2016,34,Ay,1
2016,34,MSO,10
2016,35,Ay,1
2016,35,MSO,3
2016,35,Mau,2
2016,35,Nu,1
2016,35,O,1
2016,35,VQ,1
2016,36,At,2
2016,36,MSO,3
2016,37,At,3
2016,37,MN,1
2016,37,MSO,8
2016,37,Mau,1
2016,37,Nu,1
2016,37,O,1
2016,38,At,3
2016,38,MSO,10
2016,38,Nu,3
2016,38,O,2
2016,39,At,4
2016,39,MN,1
2016,39,MSO,1
2016,39,Nu,5
2016,39,O,2
2016,39,Rel,1
2016,40,MSO,2
2016,40,Mau,2
2016,40,O,3
2016,41,Ar,1
2016,41,At,1
2016,41,Ay,1
2016,41,MSO,5
2016,41,Mau,3
2016,41,Nu,5
2016,41,O,4
2016,42,At,2
2016,42,Ay,1
2016,42,MSO,4
2016,42,Mau,3
2016,42,Nu,1
2016,42,O,1
2016,42,Rel,1
2016,43,At,1
2016,43,Mau,2
2016,43,Nu,4
2016,43,O,1
2016,43,Rel,1
2016,44,At,1
2016,44,MC,1
2016,44,MSO,9
2016,44,Mau,3
2016,44,Nu,1
2016,44,O,1
2016,44,VQ,1
2016,45,Ar,1
2016,45,At,1
2016,45,MSO,5
2016,45,Nu,1
2016,45,O,2
2016,45,Tal,1
2016,46,At,2
2016,46,MSO,8
2016,46,Nu,5
2016,46,O,3
2016,47,Ar,1
2016,47,Ay,1
2016,47,MSO,5
2016,47,Mau,3
2016,47,Nu,1
2016,47,O,2
2016,48,Ar,1
2016,48,MSO,5
2016,48,Mau,2
2016,48,Nu,7
2016,48,O,2
2016,48,Rel,1
2016,48,Tal,2
2016,49,Ar,1
2016,49,Ay,1
2016,49,MSO,10
2016,49,Mau,3
2016,49,Nu,3
2016,49,O,2
2016,50,Ar,2
2016,50,At,1
2016,50,Ay,2
2016,50,MSO,7
2016,50,Mau,1
2016,50,Nu,3
2016,50,O,4
2016,51,MSO,6
2016,51,Mau,1
2016,51,Nu,3
2016,51,O,1
2016,51,Rel,1
2016,51,Tal,1
2016,52,Ay,1
2016,52,MSO,9
2016,52,Nu,2
2016,52,O,4
2016,53,Ay,2
2016,53,MSO,16
2016,53,Mau,2
2016,53,Nu,2
2016,53,O,3
2016,53,Tal,2
2016,54,MSO,6
2016,54,Mau,2
2016,55,MN,1
2016,55,MSO,6
2016,55,Mau,2
2016,55,Nu,4
2016,55,O,5
2016,55,Rel,1
2016,56,At,3
2016,56,MSO,15
2016,56,Mau,1
2016,56,Nu,5
2016,56,O,2
2016,56,Rel,2
2016,56,Tal,2
2016,57,Ay,1
2016,57,MSO,5
2016,57,Mau,2
2016,57,Nu,2
2016,57,O,2
2016,58,At,2
2016,58,Co,1
2016,58,MSO,16
2016,58,Mau,2
2016,58,Nu,2
2016,58,O,1
2016,59,At,1
2016,59,Ay,2
2016,59,Co,1
2016,59,MSO,11
2016,59,Mau,2
2016,59,Nu,2
2016,59,O,1
2016,59,Tal,2
2016,60,At,2
2016,60,MSO,6
2016,60,Nu,3
2016,60,O,4
2016,61,MN,1
2016,61,MSO,3
2016,61,Nu,2
2016,61,O,2
2016,62,Ar,1
2016,62,At,2
2016,62,MSO,6
2016,62,Mau,1
2016,62,Nu,2
2016,62,O,3
2016,62,Tal,1
2016,63,At,2
2016,63,Ay,2
2016,63,MN,1
2016,63,MSO,14
2016,63,Mau,2
2016,63,Nu,2
2016,63,O,5
2016,63,Rel,1
2016,64,At,1
2016,64,Ay,6
2016,64,MSO,2
2016,64,Nu,3
2016,64,O,2
2016,64,VQ,1
2016,65,Ay,2
2016,65,MSO,11
2016,65,Mau,2
2016,65,Nu,4
2016,65,O,1
2016,65,VQ,1
2016,66,Ar,1
2016,66,Ay,1
2016,66,MSO,3
2016,66,Nu,2
2016,66,O,2
2016,66,Tal,4
2016,67,At,1
2016,67,MSO,6
2016,67,Mau,2
2016,67,Nu,5
2016,67,O,1
2016,68,Ay,2
2016,68,MSO,4
2016,68,Mau,3
2016,68,Nu,4
2016,69,MSO,2
2016,69,Mau,2
2016,69,Nu,4
2016,70,Ar,1
2016,70,MSO,4
2016,70,Mau,1
2016,70,Nu,1
2016,70,O,3
2016,71,Ay,1
2016,71,MSO,4
2016,71,Nu,1
2016,72,At,1
2016,72,MN,1
2016,72,MSO,3
2016,72,Mau,1
2016,72,Nu,4
2016,72,O,1
2016,73,Ay,1
2016,73,MSO,3
2016,73,Mau,1
2016,73,O,1
2016,74,Ar,1
2016,74,At,2
2016,74,Ay,1
2016,74,MSO,3
2016,74,Nu,1
2016,75,MSO,4
2016,75,Mau,1
2016,75,Nu,1
2016,75,O,1
2016,76,MSO,1
2016,76,Mau,1
2016,76,Nu,1
2016,76,O,2
2016,76,Tal,1
2016,77,Mau,2
2016,77,Nu,1
2016,77,Tal,1
2016,78,MSO,2
2016,79,MSO,5
2016,79,O,1
2016,80,At,1
2016,80,O,1
2016,81,Nu,1
2016,81,O,1
2016,82,At,1
2016,83,Nu,1
2016,85,Ar,1
2016,85,MSO,1
2016,85,Mau,1
2016,85,Nu,1
2016,86,Mau,1
2016,87,MSO,1
2016,89,Nu,2
2016,90,O,1
2016,91,Ay,1
2017,0,MOcc,1
2017,0,MSO,1
2017,0,Nu,1
2017,1,Ay,1
2017,1,MN,1
2017,1,MSO,2
2017,2,Co,1
2017,2,Mau,1
2017,3,MOcc,1
2017,3,Nu,1
2017,4,Mau,2
2017,4,Nu,2
2017,5,Ay,1
2017,5,Co,1
2017,5,MSO,2
2017,5,O,1
2017,6,Ay,2
2017,6,Nu,2
2017,6,O,1
2017,6,Rel,1
2017,7,Ay,1
2017,7,Co,1
2017,7,Nu,3
2017,8,At,1
2017,8,Ay,2
2017,8,MSO,1
2017,8,Mau,1
2017,9,Ay,2
2017,9,MOcc,1
2017,10,Co,1
2017,10,MOcc,1
2017,10,MSO,2
2017,10,Mau,2
2017,10,Nu,1
2017,10,Rel,1
2017,11,Ay,1
2017,11,MOcc,1
2017,11,Mau,1
2017,11,Nu,1
2017,11,O,1
2017,12,Ay,1
2017,12,Co,2
2017,12,MSO,2
2017,12,Mau,2
2017,12,Nu,1
2017,12,O,1
2017,13,Ar,2
2017,13,Ay,1
2017,13,MOcc,1
2017,13,MSO,5
2017,13,Nu,1
2017,13,O,1
2017,14,Ay,1
2017,14,MOcc,2
2017,14,MSO,4
2017,14,Mau,1
2017,14,Nu,2
2017,15,At,1
2017,15,MN,2
2017,15,MSO,2
2017,15,Mau,3
2017,15,O,2
2017,16,Ay,3
2017,16,Co,2
2017,16,MSO,3
2017,16,O,1
2017,16,Rel,1
2017,17,Ar,1
2017,17,Ay,1
2017,17,MOcc,1
2017,17,MSO,4
2017,17,Mau,1
2017,17,Nu,1
2017,17,O,1
2017,18,Co,3
2017,18,MSO,2
2017,18,Mau,1
2017,18,Nu,4
2017,18,O,1
2017,18,Rel,1
2017,19,MSO,3
2017,19,Mau,1
2017,19,Nu,2
2017,20,At,1
2017,20,Co,2
2017,20,MN,1
2017,20,MSO,4
2017,20,Nu,1
2017,21,Ay,1
2017,21,MSO,4
2017,21,Mau,4
2017,21,Nu,2
2017,21,O,3
2017,22,Ay,4
2017,22,MSO,3
2017,22,Mau,1
2017,22,Nu,1
2017,23,Ar,1
2017,23,At,1
2017,23,Ay,1
2017,23,MOcc,2
2017,23,MSO,10
2017,23,Mau,3
2017,23,Nu,1
2017,23,Rel,1
2017,24,Ay,2
2017,24,Co,2
2017,24,MSO,1
2017,24,Mau,1
2017,24,Nu,1
2017,24,O,1
2017,25,At,1
2017,25,MN,1
2017,25,MSO,7
2017,25,Mau,1
2017,26,Ar,1
2017,26,At,2
2017,26,Ay,1
2017,26,Co,1
2017,26,MOcc,3
2017,26,MSO,3
2017,26,Mau,1
2017,26,Nu,1
2017,26,Rel,1
2017,27,Ay,2
2017,27,Co,2
2017,27,MOcc,4
2017,27,MSO,3
2017,27,O,1
2017,28,Ay,4
2017,28,Co,3
2017,28,MOcc,3
2017,28,MSO,1
2017,28,Mau,2
2017,28,O,1
2017,28,Rel,2
2017,28,Tal,1
2017,29,Ar,1
2017,29,Ay,1
2017,29,Co,1
2017,29,MOcc,2
2017,29,MSO,1
2017,29,Mau,1
2017,29,Nu,5
2017,29,O,1
2017,29,Rel,1
2017,29,Tal,1
2017,30,Ar,1
2017,30,Ay,1
2017,30,MOcc,2
2017,30,MSO,4
2017,30,Nu,1
2017,31,Ar,1
2017,31,Ay,1
2017,31,MOcc,2
2017,31,MSO,4
2017,31,Mau,2
2017,31,Nu,3
2017,31,Rel,1
2017,32,Ar,1
2017,32,At,1
2017,32,Ay,2
2017,32,Co,2
2017,32,MN,1
2017,32,MSO,8
2017,32,Mau,3
2017,32,Nu,4
2017,33,Ay,3
2017,33,MSO,1
2017,33,Nu,1
2017,34,Ar,1
2017,34,At,1
2017,34,Ay,2
2017,34,MOcc,1
2017,34,MSO,4
2017,34,Mau,2
2017,34,Nu,2
2017,34,O,2
2017,35,Ar,1
2017,35,Ay,2
2017,35,Co,1
2017,35,MOcc,1
2017,35,MSO,8
2017,35,Nu,4
2017,35,O,2
2017,35,Rel,1
2017,36,Ay,2
2017,36,Co,1
2017,36,MOcc,1
2017,36,MSO,4
2017,36,Mau,3
2017,36,Nu,3
2017,37,Ay,1
2017,37,MOcc,1
2017,37,MSO,2
2017,37,Mau,1
2017,37,Nu,1
2017,37,O,2
2017,37,Rel,1
2017,38,Ay,2
2017,38,MSO,4
2017,38,Mau,3
2017,38,Nu,1
2017,39,Ar,1
2017,39,Ay,2
2017,39,MSO,4
2017,39,Mag,1
2017,39,Mau,4
2017,39,Nu,4
2017,39,Rel,1
2017,40,At,5
2017,40,Ay,2
2017,40,Co,1
2017,40,MSO,1
2017,40,Mau,2
2017,40,Nu,3
2017,40,O,1
2017,41,Ar,2
2017,41,At,1
2017,41,MSO,4
2017,41,Nu,4
2017,41,Rel,1
2017,41,Tal,1
2017,42,Ay,1
2017,42,Co,1
2017,42,MOcc,3
2017,42,MSO,6
2017,42,Mau,1
2017,42,Nu,5
2017,42,O,2
2017,43,Ar,1
2017,43,Ay,4
2017,43,MSO,7
2017,43,Nu,2
2017,43,Rel,1
2017,44,Co,1
2017,44,MSO,2
2017,44,Mau,1
2017,44,VQ,1
2017,45,Ar,1
2017,45,Ay,4
2017,45,Co,1
2017,45,MOcc,3
2017,45,MSO,1
2017,45,Mau,6
2017,45,Nu,3
2017,45,O,3
2017,46,Ay,2
2017,46,Co,2
2017,46,MOcc,1
2017,46,MSO,4
2017,46,Mau,3
2017,46,Nu,4
2017,46,O,3
2017,47,Ay,1
2017,47,Co,1
2017,47,MN,1
2017,47,MSO,7
2017,47,Nu,4
2017,47,Rel,2
2017,48,Ay,3
2017,48,MSO,10
2017,48,Mau,4
2017,48,Nu,1
2017,48,O,1
2017,48,Rel,1
2017,49,Ar,1
2017,49,At,1
2017,49,Ay,2
2017,49,Co,2
2017,49,MOcc,3
2017,49,MSO,6
2017,49,Mau,1
2017,49,Nu,10
2017,49,O,2
2017,49,Rel,2
2017,50,Ay,3
2017,50,Co,1
2017,50,MN,1
2017,50,MOcc,3
2017,50,MSO,5
2017,50,Mau,2
2017,50,Nu,5
2017,50,O,3
2017,50,Rel,1
2017,51,Ay,6
2017,51,Co,1
2017,51,MN,1
2017,51,MOcc,1
2017,51,MSO,7
2017,51,Mau,2
2017,51,Nu,4
2017,51,O,2
2017,51,Rel,1
2017,52,Ar,2
2017,52,At,3
2017,52,Ay,4
2017,52,Co,1
2017,52,MOcc,2
2017,52,MSO,10
2017,52,Mag,1
2017,52,Mau,2
2017,52,Nu,3
2017,52,Rel,2
2017,52,Tal,1
2017,53,At,1
2017,53,Ay,1
2017,53,Co,1
2017,53,MOcc,2
2017,53,MSO,4
2017,53,Mag,1
2017,53,Mau,4
2017,53,Nu,3
2017,53,O,1
2017,53,Rel,1
2017,54,Ar,1
2017,54,Ay,3
2017,54,Co,2
2017,54,MN,1
2017,54,MOcc,3
2017,54,MSO,7
2017,54,Mau,1
2017,54,Nu,4
2017,54,O,4
2017,54,Rel,2
2017,55,At,2
2017,55,Ay,6
2017,55,Co,1
2017,55,MOcc,3
2017,55,MSO,5
2017,55,Mau,1
2017,55,Nu,4
2017,55,O,3
2017,56,At,1
2017,56,Ay,3
2017,56,Co,1
2017,56,MN,1
2017,56,MOcc,4
2017,56,MSO,8
2017,56,Nu,2
2017,56,O,1
2017,56,Rel,1
2017,57,Ar,3
2017,57,Co,4
2017,57,MN,1
2017,57,MOcc,1
2017,57,MSO,5
2017,57,Mag,1
2017,57,Mau,1
2017,57,Nu,8
2017,57,O,4
2017,57,Tal,1
2017,58,At,1
2017,58,Co,1
2017,58,MOcc,4
2017,58,MSO,9
2017,58,Mau,1
2017,58,Nu,3
2017,58,O,2
2017,59,Ar,1
2017,59,At,1
2017,59,Ay,2
2017,59,MOcc,1
2017,59,MSO,7
2017,59,Mag,1
2017,59,Mau,2
2017,59,Nu,5
2017,59,O,4
2017,59,Rel,2
2017,60,Ar,1
2017,60,Ay,3
2017,60,Co,2
2017,60,MOcc,4
2017,60,MSO,12
2017,60,Mau,1
2017,60,Nu,4
2017,60,Rel,1
2017,61,Ar,1
2017,61,At,1
2017,61,Ay,2
2017,61,MSO,13
2017,61,Mau,3
2017,61,Nu,6
2017,61,O,1
2017,62,Ay,3
2017,62,MOcc,3
2017,62,MSO,9
2017,62,Mau,4
2017,62,Nu,4
2017,62,O,1
2017,63,Ar,2
2017,63,Ay,2
2017,63,MSO,4
2017,63,Mau,4
2017,63,Nu,2
2017,63,O,2
2017,63,Rel,1
2017,64,Ar,1
2017,64,Ay,3
2017,64,MOcc,1
2017,64,MSO,7
2017,64,Mau,1
2017,64,Nu,2
2017,64,O,1
2017,65,Ar,2
2017,65,Ay,5
2017,65,MOcc,1
2017,65,MSO,7
2017,65,Nu,1
2017,65,Rel,2
2017,66,Ar,2
2017,66,Ay,1
2017,66,MOcc,1
2017,66,MSO,12
2017,66,Mau,1
2017,66,Nu,5
2017,66,O,2
2017,66,Rel,1
2017,67,Ay,1
2017,67,Co,1
2017,67,MOcc,1
2017,67,MSO,5
2017,67,Mau,1
2017,67,Nu,2
2017,67,O,1
2017,68,Ay,1
2017,68,Co,1
2017,68,MOcc,1
2017,68,MSO,1
2017,68,Mau,2
2017,68,Nu,3
2017,68,O,2
2017,68,Rel,1
2017,68,Tal,1
2017,69,Ar,2
2017,69,MOcc,1
2017,69,MSO,5
2017,69,Mau,4
2017,69,O,1
2017,69,Rel,1
2017,69,Tal,1
2017,70,Ay,1
2017,70,Co,2
2017,70,MSO,1
2017,70,Mau,3
2017,70,Nu,4
2017,71,Ay,1
2017,71,Co,1
2017,71,Mau,2
2017,71,Nu,2
2017,71,O,1
2017,71,Rel,1
2017,72,Ay,1
2017,72,Co,1
2017,72,MOcc,1
2017,72,MSO,6
2017,72,Mau,1
2017,72,Nu,4
2017,72,Rel,1
2017,73,At,2
2017,73,Co,1
2017,73,MSO,5
2017,73,Mau,1
2017,73,Nu,4
2017,74,Ay,2
2017,74,MOcc,2
2017,74,MSO,7
2017,74,O,1
2017,75,Ay,1
2017,75,Co,1
2017,75,MSO,3
2017,75,Mau,1
2017,75,O,1
2017,76,MOcc,2
2017,76,MSO,1
2017,76,Mau,1
2017,76,O,1
2017,77,MSO,2
2017,77,O,1
2017,78,Rel,1
2017,79,Ay,2
2017,79,MOcc,1
2017,79,Nu,1
2017,79,O,1
2017,80,Ar,1
2017,80,Ay,1
2017,80,MOcc,1
2017,80,Nu,1
2017,80,O,2
2017,81,Ar,1
2017,81,Ay,1
2017,82,MSO,1
2017,82,Nu,1
2017,83,At,1
2017,83,Co,1
2017,83,Nu,1
2017,84,MSO,4
2017,84,Nu,1
2017,85,At,1
2017,87,Ar,1
2017,87,MSO,3
2017,89,MSO,1
2017,90,Nu,1
2017,91,Nu,1
2018,1,O,1
2018,3,O,1
2018,4,Co,1
2018,4,MOcc,1
2018,5,MOcc,1
2018,6,MOcc,2
2018,6,O,1
2018,7,Co,2
2018,7,O,2
2018,8,Co,1
2018,9,Co,1
2018,9,MOcc,2
2018,10,Ar,1
2018,10,Co,1
2018,10,MOcc,3
2018,10,Nu,2
2018,11,MOcc,4
2018,11,Nu,1
2018,12,Co,1
2018,12,Mau,1
2018,12,Nu,1
2018,13,Ar,1
2018,13,Co,1
2018,13,MOcc,2
2018,13,Mau,1
2018,14,Co,2
2018,14,O,1
2018,15,MOcc,1
2018,15,Nu,1
2018,15,O,2
2018,16,MOcc,4
2018,16,Mau,1
2018,16,O,2
2018,17,Co,1
2018,17,MOcc,1
2018,17,Nu,1
2018,17,O,1
2018,18,Ar,1
2018,18,Co,2
2018,18,MOcc,1
2018,18,O,2
2018,19,Co,1
2018,19,Nu,1
2018,19,O,2
2018,20,MOcc,1
2018,21,MOcc,1
2018,21,Nu,2
2018,21,O,1
2018,22,Co,1
2018,22,MOcc,2
2018,22,Nu,1
2018,22,O,1
2018,23,MOcc,2
2018,23,O,3
2018,24,Co,2
2018,24,MOcc,1
2018,24,Mag,1
2018,24,Nu,1
2018,25,MOcc,1
2018,25,Mau,1
2018,25,O,1
2018,26,Co,2
2018,26,MOcc,4
2018,27,Co,2
2018,27,MOcc,2
2018,28,MOcc,1
2018,29,Mau,1
2018,30,Nu,1
2018,31,Co,1
2018,31,Mag,1
2018,31,Nu,1
2018,32,MOcc,3
2018,32,Mag,1
2018,32,Nu,1
2018,32,O,1
2018,33,Ar,1
2018,34,Co,1
2018,34,MOcc,5
2018,34,O,1
2018,35,MOcc,3
2018,35,Nu,1
2018,36,MOcc,2
2018,37,Co,3
2018,37,MOcc,3
2018,37,Mau,1
2018,37,Nu,1
2018,38,Co,1
2018,38,MOcc,3
2018,39,Co,1
2018,39,MOcc,2
2018,39,Mau,2
2018,39,Nu,1
2018,40,MOcc,1
2018,40,O,1
2018,41,Co,2
2018,41,MOcc,3
2018,41,O,1
2018,42,MOcc,1
2018,42,Mag,1
2018,42,Nu,1
2018,42,O,1
2018,43,MOcc,2
2018,43,Nu,1
2018,44,Co,2
2018,44,MOcc,1
2018,44,O,2
2018,45,Co,3
2018,45,MOcc,5
2018,45,Mau,1
2018,45,Nu,2
2018,46,Ar,1
2018,46,Co,3
2018,46,MOcc,3
2018,46,O,4
2018,47,Ar,1
2018,47,MOcc,2
2018,47,Mau,1
2018,48,Co,1
2018,48,MOcc,4
2018,49,MOcc,2
2018,49,Mag,1
2018,49,O,1
2018,50,MOcc,3
2018,50,Mau,2
2018,50,O,2
2018,51,Co,1
2018,51,MOcc,5
2018,51,Nu,1
2018,52,Co,2
2018,52,MOcc,4
2018,52,Mau,1
2018,52,Nu,2
2018,53,Nu,1
2018,53,O,1
2018,54,Co,1
2018,54,Nu,1
2018,54,O,1
2018,55,MOcc,3
2018,55,Mau,1
2018,56,MOcc,4
2018,56,Nu,1
2018,57,Co,1
2018,57,MOcc,2
2018,58,MOcc,3
2018,58,Mau,1
2018,59,Co,1
2018,59,MOcc,4
2018,59,Mau,1
2018,60,MOcc,1
2018,61,Co,1
2018,61,MOcc,1
2018,61,O,1
2018,62,Co,2
2018,62,MOcc,2
2018,62,Mag,1
2018,62,Mau,1
2018,62,Nu,2
2018,62,O,1
2018,63,Co,2
2018,63,MOcc,2
2018,63,O,1
2018,64,Co,4
2018,64,MOcc,3
2018,64,Mau,1
2018,64,Nu,1
2018,65,Co,1
2018,65,MOcc,2
2018,66,Co,5
2018,66,MOcc,2
2018,66,Mag,1
2018,67,Co,1
2018,67,MOcc,2
2018,68,Co,3
2018,68,MOcc,3
2018,68,Nu,2
2018,69,MOcc,2
2018,69,Nu,1
2018,70,MOcc,4
2018,70,Mag,1
2018,70,Mau,1
2018,70,Nu,1
2018,71,Co,2
2018,71,MOcc,2
2018,72,Co,1
2018,72,MOcc,3
2018,72,Nu,1
2018,73,Co,2
2018,73,MOcc,2
2018,73,Mag,1
2018,74,Co,1
2018,74,MOcc,1
2018,74,Nu,1
2018,74,O,1
2018,75,MOcc,1
2018,75,Nu,1
2018,75,O,1
2018,76,MOcc,3
2018,77,Ar,2
2018,77,Co,1
2018,77,MOcc,1
2018,80,Mau,1
2018,81,Co,1
2018,81,MOcc,2
2018,81,Nu,1
2018,82,MOcc,1
2018,82,O,1
2018,83,MOcc,1
2018,84,Co,1
2018,85,Co,1
2018,86,O,1
2018,90,O,1
